/*
SQLyog Ultimate v13.1.1 (64 bit)
MySQL - 10.1.48-MariaDB-0ubuntu0.18.04.1 : Database - gelink
*********************************************************************
*/

/*!40101 SET NAMES utf8 */;

/*!40101 SET SQL_MODE=''*/;

/*!40014 SET @OLD_UNIQUE_CHECKS=@@UNIQUE_CHECKS, UNIQUE_CHECKS=0 */;
/*!40014 SET @OLD_FOREIGN_KEY_CHECKS=@@FOREIGN_KEY_CHECKS, FOREIGN_KEY_CHECKS=0 */;
/*!40101 SET @OLD_SQL_MODE=@@SQL_MODE, SQL_MODE='NO_AUTO_VALUE_ON_ZERO' */;
/*!40111 SET @OLD_SQL_NOTES=@@SQL_NOTES, SQL_NOTES=0 */;
/*Table structure for table `perfil` */

DROP TABLE IF EXISTS `perfil`;

CREATE TABLE `perfil` (
  `cd_perfil` int(11) NOT NULL AUTO_INCREMENT,
  `cd_tipo_franquia` int(11) DEFAULT NULL,
  `cd_transportadora` int(11) DEFAULT NULL,
  `cd_seguradora` int(11) DEFAULT NULL,
  `cd_corretora` int(11) DEFAULT NULL,
  `cd_tipo_acesso` int(11) DEFAULT NULL,
  `id_sessao` varchar(255) NOT NULL,
  `perfil` char(100) DEFAULT NULL,
  `status` enum('ATIVO','INATIVO') NOT NULL DEFAULT 'ATIVO',
  `cd_cad` int(10) DEFAULT NULL,
  `dt_cad` date DEFAULT NULL,
  `hr_cad` time DEFAULT NULL,
  `ip_cad` varchar(100) DEFAULT NULL,
  `cd_tipo_acesso_cad` int(11) DEFAULT NULL,
  `cd_alter` int(10) DEFAULT NULL,
  `dt_alter` date DEFAULT NULL,
  `hr_alter` time DEFAULT NULL,
  `ip_alter` varchar(100) DEFAULT NULL,
  `cd_tipo_acesso_alter` int(11) DEFAULT NULL,
  `cd_excluir` int(10) DEFAULT NULL,
  `dt_excluir` date DEFAULT NULL,
  `hr_excluir` time DEFAULT NULL,
  `ip_excluir` varchar(100) DEFAULT NULL,
  `cd_tipo_acesso_excluir` int(11) DEFAULT NULL,
  `cd_origem_dados` int(11) NOT NULL DEFAULT '1',
  PRIMARY KEY (`cd_perfil`),
  KEY `fk_perfil_cd_transportadora` (`cd_transportadora`),
  KEY `fk_perfil_cd_seguradora` (`cd_seguradora`),
  KEY `fk_perfil_cd_corretora` (`cd_corretora`),
  KEY `index_perfil_id_sessao` (`id_sessao`),
  KEY `fk_perfil_cd_tipo_franquia` (`cd_tipo_franquia`),
  CONSTRAINT `fk_perfil_cd_corretora` FOREIGN KEY (`cd_corretora`) REFERENCES `corretora` (`cd_corretora`),
  CONSTRAINT `fk_perfil_cd_seguradora` FOREIGN KEY (`cd_seguradora`) REFERENCES `seguradora` (`cd_seguradora`),
  CONSTRAINT `fk_perfil_cd_tipo_franquia` FOREIGN KEY (`cd_tipo_franquia`) REFERENCES `tipo_franquia` (`cd_tipo_franquia`),
  CONSTRAINT `fk_perfil_cd_transportadora` FOREIGN KEY (`cd_transportadora`) REFERENCES `transportadora` (`cd_transportadora`)
) ENGINE=InnoDB AUTO_INCREMENT=31 DEFAULT CHARSET=utf8;

/*Data for the table `perfil` */

insert  into `perfil`(`cd_perfil`,`cd_tipo_franquia`,`cd_transportadora`,`cd_seguradora`,`cd_corretora`,`cd_tipo_acesso`,`id_sessao`,`perfil`,`status`,`cd_cad`,`dt_cad`,`hr_cad`,`ip_cad`,`cd_tipo_acesso_cad`,`cd_alter`,`dt_alter`,`hr_alter`,`ip_alter`,`cd_tipo_acesso_alter`,`cd_excluir`,`dt_excluir`,`hr_excluir`,`ip_excluir`,`cd_tipo_acesso_excluir`,`cd_origem_dados`) values (1,NULL,NULL,NULL,NULL,1,'','Master','INATIVO',NULL,NULL,NULL,NULL,NULL,1,'2020-08-20','23:46:32','191.254.210.184',1,13,'2021-01-28','15:30:49','179.98.1.78',1,1),(10,1,NULL,NULL,NULL,7,'rcos72l1h806dcebk2f392sc52','STANDART','INATIVO',1,'2018-12-29','15:57:43','127.0.0.1',1,1,'2019-12-18','09:34:38','189.112.142.114',1,13,'2020-01-30','14:07:49','152.246.132.240',1,1),(11,NULL,NULL,NULL,NULL,2,'bo608o5ktqt7i5oq2d8usrqtr5','Cliente','INATIVO',1,'2019-01-07','22:50:45','187.23.39.214',1,13,'2020-05-16','09:56:46','45.172.119.237',1,13,'2021-01-04','10:41:02','177.138.186.112',1,1),(12,2,NULL,NULL,NULL,7,'SistemaAdminGLink','Store','INATIVO',1,'2019-02-18','11:22:23','189.112.142.114',1,13,'2021-01-04','10:39:54','177.138.186.112',1,13,'2021-01-04','10:40:43','177.138.186.112',1,1),(13,3,NULL,NULL,NULL,7,'1oqljlkur32nri23tnvksrvh08','Home Office','ATIVO',1,'2019-03-28','13:34:14','127.0.0.1',1,13,'2021-04-09','22:00:15','45.172.117.229',1,NULL,NULL,NULL,NULL,NULL,1),(15,3,NULL,NULL,NULL,8,'dsuitqtpam1f20hkg0vq8eo004','Técnico Instalação - Office','INATIVO',1,'2019-04-25','14:26:57','189.112.142.114',1,13,'2020-05-16','09:58:49','45.172.119.237',1,13,'2021-01-28','15:30:44','179.98.1.78',1,1),(16,NULL,NULL,NULL,NULL,1,'af55rsmo8vrqed843mr33m1vt2','COLABORADOR','INATIVO',13,'2019-08-23','10:22:28','189.68.111.161',1,1,'2019-09-28','09:59:32','187.23.33.231',1,NULL,NULL,NULL,NULL,NULL,1),(21,NULL,NULL,NULL,NULL,1,'o01uu5ig1pa8ufkhlq45hhjig7','Gestor','INATIVO',1,'2019-09-27','11:43:09','189.112.142.114',1,13,'2020-07-14','14:06:12','177.68.173.161',1,13,'2021-01-04','10:40:18','177.138.186.112',1,1),(22,3,NULL,NULL,NULL,7,'9gv79n3sg6at4u36kjb8l5jpl0','Colaborador - Office','INATIVO',1,'2019-09-28','16:26:37','187.23.33.231',1,13,'2020-06-08','14:46:14','177.94.155.7',1,13,'2021-04-09','21:20:55','45.172.117.229',1,1),(23,NULL,NULL,NULL,NULL,NULL,'ahi2sh9rb781ibbaig0iq4m665','TECNICO','INATIVO',13,'2019-09-30','10:45:35','45.172.119.250',1,NULL,NULL,NULL,NULL,NULL,13,'2019-09-30','10:49:35','45.172.119.250',1,1),(24,NULL,NULL,NULL,NULL,1,'mmjb13nbc6lohbl2s5jn9h4dad','Marketing','ATIVO',13,'2020-04-08','19:36:13','45.172.118.251',1,13,'2020-05-16','09:57:32','45.172.119.237',1,NULL,NULL,NULL,NULL,NULL,1),(25,NULL,NULL,NULL,NULL,7,'8kr7g14hhhn98saja8hknfbv41','CORRETORA','INATIVO',1,'2020-04-20','19:11:46','179.98.18.128',1,13,'2020-07-14','13:58:23','177.68.173.161',1,1,'2020-08-20','23:46:46','191.254.210.184',1,1),(26,2,NULL,NULL,NULL,7,'qqv727rjqco3v19iu5f3arag0c','Colaborador - Store','INATIVO',1,'2020-06-03','19:32:52','177.68.173.144',1,1,'2020-06-08','14:25:07','189.112.142.114',1,13,'2021-01-04','10:40:26','177.138.186.112',1,1),(27,2,NULL,NULL,NULL,7,'qqv727rjqco3v19iu5f3arag0c','Técnico Instalação - Store','INATIVO',1,'2020-06-03','19:33:49','177.68.173.144',1,NULL,NULL,NULL,NULL,NULL,13,'2021-01-04','10:40:49','177.138.186.112',1,1),(28,NULL,NULL,NULL,NULL,6,'i9e65gn3gpu7t2088ovc2k7fsh','CORRETORA','INATIVO',13,'2020-07-14','13:38:00','177.68.173.161',1,13,'2020-07-14','13:43:09','177.68.173.161',1,13,'2020-07-14','13:55:41','177.68.173.161',1,1),(29,NULL,NULL,NULL,NULL,7,'7jkg9rn7g79qah0vilhf2rql2a','REPRESENTANTE','ATIVO',13,'2020-08-17','09:28:47','177.138.255.212',1,13,'2021-04-09','21:22:02','45.172.117.229',1,NULL,NULL,NULL,NULL,NULL,1),(30,NULL,NULL,NULL,NULL,6,'3et7gcbke7ml2lqmt9o85t81dk','CORRETORA','ATIVO',1,'2020-08-20','23:47:28','191.254.210.184',1,NULL,NULL,NULL,NULL,NULL,NULL,NULL,NULL,NULL,NULL,1);

/*Table structure for table `perfil_permissao` */

DROP TABLE IF EXISTS `perfil_permissao`;

CREATE TABLE `perfil_permissao` (
  `cd_perfil_permissao` int(11) NOT NULL AUTO_INCREMENT,
  `cd_perfil` int(11) NOT NULL,
  `cd_transportadora` int(11) DEFAULT NULL,
  `cd_aplic` int(11) NOT NULL,
  `permissao_cadastro` enum('N','S') NOT NULL DEFAULT 'N',
  `permissao_alteracao` enum('N','S') NOT NULL DEFAULT 'N',
  `permissao_exclusao` enum('N','S') NOT NULL DEFAULT 'N',
  `permissao_informacao_detalhe` enum('N','S') NOT NULL DEFAULT 'N',
  `permissao_exclusao_lote` enum('N','S') NOT NULL DEFAULT 'N',
  `permissao_dashboard` enum('N','S') NOT NULL DEFAULT 'N',
  `status` enum('ATIVO','INATIVO') NOT NULL DEFAULT 'ATIVO',
  `cd_cad` int(10) DEFAULT NULL,
  `dt_cad` date DEFAULT NULL,
  `hr_cad` time DEFAULT NULL,
  `ip_cad` varchar(100) DEFAULT NULL,
  `cd_tipo_acesso_cad` int(11) DEFAULT NULL,
  `cd_alter` int(10) DEFAULT NULL,
  `dt_alter` date DEFAULT NULL,
  `hr_alter` time DEFAULT NULL,
  `ip_alter` varchar(100) DEFAULT NULL,
  `cd_tipo_acesso_alter` int(11) DEFAULT NULL,
  `cd_excluir` int(10) DEFAULT NULL,
  `dt_excluir` date DEFAULT NULL,
  `hr_excluir` time DEFAULT NULL,
  `ip_excluir` varchar(100) DEFAULT NULL,
  `cd_tipo_acesso_excluir` int(11) DEFAULT NULL,
  `cd_origem_dados` int(11) NOT NULL DEFAULT '1',
  PRIMARY KEY (`cd_perfil_permissao`),
  KEY `fk_perfil_permissao_cd_perfil` (`cd_perfil`),
  KEY `fk_perfil_permissao_cd_aplic` (`cd_aplic`),
  KEY `fk_perfil_permissao_cdliente` (`cd_transportadora`),
  CONSTRAINT `fk_perfil_permissao_cd_aplic` FOREIGN KEY (`cd_aplic`) REFERENCES `aplicacao` (`cd_aplic`),
  CONSTRAINT `fk_perfil_permissao_cd_perfil` FOREIGN KEY (`cd_perfil`) REFERENCES `perfil` (`cd_perfil`),
  CONSTRAINT `fk_perfil_permissao_cdliente` FOREIGN KEY (`cd_transportadora`) REFERENCES `transportadora` (`cd_transportadora`)
) ENGINE=InnoDB AUTO_INCREMENT=3176 DEFAULT CHARSET=utf8;

/*Data for the table `perfil_permissao` */

insert  into `perfil_permissao`(`cd_perfil_permissao`,`cd_perfil`,`cd_transportadora`,`cd_aplic`,`permissao_cadastro`,`permissao_alteracao`,`permissao_exclusao`,`permissao_informacao_detalhe`,`permissao_exclusao_lote`,`permissao_dashboard`,`status`,`cd_cad`,`dt_cad`,`hr_cad`,`ip_cad`,`cd_tipo_acesso_cad`,`cd_alter`,`dt_alter`,`hr_alter`,`ip_alter`,`cd_tipo_acesso_alter`,`cd_excluir`,`dt_excluir`,`hr_excluir`,`ip_excluir`,`cd_tipo_acesso_excluir`,`cd_origem_dados`) values (1783,10,NULL,110,'N','N','N','N','N','N','INATIVO',1,'2019-12-18','09:34:38','189.112.142.114',1,NULL,NULL,NULL,NULL,NULL,13,'2020-01-30','14:07:49','152.246.132.240',1,1),(1784,10,NULL,90,'S','S','S','S','N','N','INATIVO',1,'2019-12-18','09:34:38','189.112.142.114',1,NULL,NULL,NULL,NULL,NULL,13,'2020-01-30','14:07:49','152.246.132.240',1,1),(1785,10,NULL,91,'N','S','S','S','N','N','INATIVO',1,'2019-12-18','09:34:38','189.112.142.114',1,NULL,NULL,NULL,NULL,NULL,13,'2020-01-30','14:07:49','152.246.132.240',1,1),(1786,10,NULL,129,'S','S','S','S','N','N','INATIVO',1,'2019-12-18','09:34:38','189.112.142.114',1,NULL,NULL,NULL,NULL,NULL,13,'2020-01-30','14:07:49','152.246.132.240',1,1),(1787,10,NULL,122,'S','S','S','S','N','N','INATIVO',1,'2019-12-18','09:34:38','189.112.142.114',1,NULL,NULL,NULL,NULL,NULL,13,'2020-01-30','14:07:49','152.246.132.240',1,1),(1788,10,NULL,128,'N','N','N','N','N','N','INATIVO',1,'2019-12-18','09:34:38','189.112.142.114',1,NULL,NULL,NULL,NULL,NULL,13,'2020-01-30','14:07:49','152.246.132.240',1,1),(1789,10,NULL,132,'S','S','S','S','N','N','INATIVO',1,'2019-12-18','09:34:38','189.112.142.114',1,NULL,NULL,NULL,NULL,NULL,13,'2020-01-30','14:07:49','152.246.132.240',1,1),(1790,10,NULL,116,'S','S','S','S','N','N','INATIVO',1,'2019-12-18','09:34:38','189.112.142.114',1,NULL,NULL,NULL,NULL,NULL,13,'2020-01-30','14:07:49','152.246.132.240',1,1),(1791,10,NULL,106,'S','S','S','S','N','N','INATIVO',1,'2019-12-18','09:34:38','189.112.142.114',1,NULL,NULL,NULL,NULL,NULL,13,'2020-01-30','14:07:49','152.246.132.240',1,1),(1792,10,NULL,105,'S','S','S','S','N','N','INATIVO',1,'2019-12-18','09:34:38','189.112.142.114',1,NULL,NULL,NULL,NULL,NULL,13,'2020-01-30','14:07:49','152.246.132.240',1,1),(1793,10,NULL,109,'N','N','N','N','N','N','INATIVO',1,'2019-12-18','09:34:38','189.112.142.114',1,NULL,NULL,NULL,NULL,NULL,13,'2020-01-30','14:07:49','152.246.132.240',1,1),(1794,10,NULL,113,'S','N','S','S','N','N','INATIVO',1,'2019-12-18','09:34:38','189.112.142.114',1,NULL,NULL,NULL,NULL,NULL,13,'2020-01-30','14:07:49','152.246.132.240',1,1),(1795,10,NULL,93,'S','S','S','S','N','N','INATIVO',1,'2019-12-18','09:34:38','189.112.142.114',1,NULL,NULL,NULL,NULL,NULL,13,'2020-01-30','14:07:49','152.246.132.240',1,1),(1796,10,NULL,112,'S','S','S','S','N','N','INATIVO',1,'2019-12-18','09:34:38','189.112.142.114',1,NULL,NULL,NULL,NULL,NULL,13,'2020-01-30','14:07:49','152.246.132.240',1,1),(1797,10,NULL,98,'S','S','S','S','N','N','INATIVO',1,'2019-12-18','09:34:38','189.112.142.114',1,NULL,NULL,NULL,NULL,NULL,13,'2020-01-30','14:07:49','152.246.132.240',1,1),(1798,10,NULL,99,'S','S','S','S','N','N','INATIVO',1,'2019-12-18','09:34:38','189.112.142.114',1,NULL,NULL,NULL,NULL,NULL,13,'2020-01-30','14:07:49','152.246.132.240',1,1),(1799,10,NULL,100,'N','S','S','S','N','N','INATIVO',1,'2019-12-18','09:34:38','189.112.142.114',1,NULL,NULL,NULL,NULL,NULL,13,'2020-01-30','14:07:49','152.246.132.240',1,1),(1800,10,NULL,121,'N','S','S','S','N','N','INATIVO',1,'2019-12-18','09:34:38','189.112.142.114',1,NULL,NULL,NULL,NULL,NULL,13,'2020-01-30','14:07:49','152.246.132.240',1,1),(1801,10,NULL,114,'S','S','S','S','N','N','INATIVO',1,'2019-12-18','09:34:38','189.112.142.114',1,NULL,NULL,NULL,NULL,NULL,13,'2020-01-30','14:07:49','152.246.132.240',1,1),(1802,10,NULL,102,'S','S','S','S','N','N','INATIVO',1,'2019-12-18','09:34:38','189.112.142.114',1,NULL,NULL,NULL,NULL,NULL,13,'2020-01-30','14:07:49','152.246.132.240',1,1),(1803,10,NULL,101,'S','S','S','S','N','N','INATIVO',1,'2019-12-18','09:34:38','189.112.142.114',1,NULL,NULL,NULL,NULL,NULL,13,'2020-01-30','14:07:49','152.246.132.240',1,1),(1804,10,NULL,92,'N','S','S','S','N','N','INATIVO',1,'2019-12-18','09:34:38','189.112.142.114',1,NULL,NULL,NULL,NULL,NULL,13,'2020-01-30','14:07:49','152.246.132.240',1,1),(1805,10,NULL,120,'S','S','S','S','N','N','INATIVO',1,'2019-12-18','09:34:38','189.112.142.114',1,NULL,NULL,NULL,NULL,NULL,13,'2020-01-30','14:07:49','152.246.132.240',1,1),(2734,11,NULL,141,'N','S','N','S','N','N','INATIVO',13,'2020-05-16','09:56:46','45.172.119.237',1,NULL,NULL,NULL,NULL,NULL,13,'2021-01-04','10:41:02','177.138.186.112',1,1),(2735,11,NULL,5,'N','N','N','S','N','N','INATIVO',13,'2020-05-16','09:56:46','45.172.119.237',1,NULL,NULL,NULL,NULL,NULL,13,'2021-01-04','10:41:02','177.138.186.112',1,1),(2770,24,NULL,142,'S','S','S','S','N','N','ATIVO',13,'2020-05-16','09:57:32','45.172.119.237',1,NULL,NULL,NULL,NULL,NULL,NULL,NULL,NULL,NULL,NULL,1),(2826,15,NULL,125,'N','S','N','S','N','N','INATIVO',13,'2020-05-16','09:58:49','45.172.119.237',1,NULL,NULL,NULL,NULL,NULL,13,'2021-01-28','15:30:44','179.98.1.78',1,1),(2884,27,NULL,121,'N','S','S','S','N','N','INATIVO',1,'2020-06-03','19:33:49','177.68.173.144',1,NULL,NULL,NULL,NULL,NULL,13,'2021-01-04','10:40:49','177.138.186.112',1,1),(2894,26,NULL,91,'N','S','S','S','N','N','INATIVO',1,'2020-06-08','14:25:07','189.112.142.114',1,NULL,NULL,NULL,NULL,NULL,13,'2021-01-04','10:40:26','177.138.186.112',1,1),(2895,26,NULL,129,'S','S','S','S','N','N','INATIVO',1,'2020-06-08','14:25:07','189.112.142.114',1,NULL,NULL,NULL,NULL,NULL,13,'2021-01-04','10:40:26','177.138.186.112',1,1),(2896,26,NULL,148,'N','N','N','S','N','N','INATIVO',1,'2020-06-08','14:25:07','189.112.142.114',1,NULL,NULL,NULL,NULL,NULL,13,'2021-01-04','10:40:26','177.138.186.112',1,1),(2897,26,NULL,109,'N','N','N','N','N','N','INATIVO',1,'2020-06-08','14:25:07','189.112.142.114',1,NULL,NULL,NULL,NULL,NULL,13,'2021-01-04','10:40:26','177.138.186.112',1,1),(2898,26,NULL,143,'N','N','N','S','N','N','INATIVO',1,'2020-06-08','14:25:07','189.112.142.114',1,NULL,NULL,NULL,NULL,NULL,13,'2021-01-04','10:40:26','177.138.186.112',1,1),(2899,26,NULL,121,'N','S','S','S','N','N','INATIVO',1,'2020-06-08','14:25:07','189.112.142.114',1,NULL,NULL,NULL,NULL,NULL,13,'2021-01-04','10:40:26','177.138.186.112',1,1),(2900,26,NULL,92,'N','S','S','S','N','N','INATIVO',1,'2020-06-08','14:25:07','189.112.142.114',1,NULL,NULL,NULL,NULL,NULL,13,'2021-01-04','10:40:26','177.138.186.112',1,1),(2901,26,NULL,134,'S','S','S','S','N','N','INATIVO',1,'2020-06-08','14:25:07','189.112.142.114',1,NULL,NULL,NULL,NULL,NULL,13,'2021-01-04','10:40:26','177.138.186.112',1,1),(2902,26,NULL,120,'S','S','S','S','N','N','INATIVO',1,'2020-06-08','14:25:07','189.112.142.114',1,NULL,NULL,NULL,NULL,NULL,13,'2021-01-04','10:40:26','177.138.186.112',1,1),(2943,22,NULL,91,'N','S','S','S','N','N','INATIVO',13,'2020-06-08','14:46:14','177.94.155.7',1,NULL,NULL,NULL,NULL,NULL,13,'2021-04-09','21:20:55','45.172.117.229',1,1),(2944,22,NULL,129,'S','S','S','S','N','N','INATIVO',13,'2020-06-08','14:46:14','177.94.155.7',1,NULL,NULL,NULL,NULL,NULL,13,'2021-04-09','21:20:55','45.172.117.229',1,1),(2945,22,NULL,148,'N','N','N','S','N','N','INATIVO',13,'2020-06-08','14:46:14','177.94.155.7',1,NULL,NULL,NULL,NULL,NULL,13,'2021-04-09','21:20:55','45.172.117.229',1,1),(2946,22,NULL,109,'N','N','N','N','N','N','INATIVO',13,'2020-06-08','14:46:14','177.94.155.7',1,NULL,NULL,NULL,NULL,NULL,13,'2021-04-09','21:20:55','45.172.117.229',1,1),(2947,22,NULL,143,'N','N','N','S','N','N','INATIVO',13,'2020-06-08','14:46:15','177.94.155.7',1,NULL,NULL,NULL,NULL,NULL,13,'2021-04-09','21:20:55','45.172.117.229',1,1),(2948,22,NULL,121,'N','S','S','S','N','N','INATIVO',13,'2020-06-08','14:46:15','177.94.155.7',1,NULL,NULL,NULL,NULL,NULL,13,'2021-04-09','21:20:55','45.172.117.229',1,1),(2949,22,NULL,92,'N','S','S','S','N','N','INATIVO',13,'2020-06-08','14:46:15','177.94.155.7',1,NULL,NULL,NULL,NULL,NULL,13,'2021-04-09','21:20:55','45.172.117.229',1,1),(2950,22,NULL,134,'S','S','N','S','N','N','INATIVO',13,'2020-06-08','14:46:15','177.94.155.7',1,NULL,NULL,NULL,NULL,NULL,13,'2021-04-09','21:20:55','45.172.117.229',1,1),(2951,22,NULL,120,'S','S','N','S','N','N','INATIVO',13,'2020-06-08','14:46:15','177.94.155.7',1,NULL,NULL,NULL,NULL,NULL,13,'2021-04-09','21:20:55','45.172.117.229',1,1),(2982,25,NULL,90,'S','S','S','S','N','N','INATIVO',13,'2020-07-14','13:58:23','177.68.173.161',1,NULL,NULL,NULL,NULL,NULL,1,'2020-08-20','23:46:46','191.254.210.184',1,1),(2983,25,NULL,91,'N','S','S','S','N','N','INATIVO',13,'2020-07-14','13:58:23','177.68.173.161',1,NULL,NULL,NULL,NULL,NULL,1,'2020-08-20','23:46:46','191.254.210.184',1,1),(2984,25,NULL,129,'S','S','S','S','N','N','INATIVO',13,'2020-07-14','13:58:23','177.68.173.161',1,NULL,NULL,NULL,NULL,NULL,1,'2020-08-20','23:46:46','191.254.210.184',1,1),(2985,25,NULL,122,'S','S','S','S','N','N','INATIVO',13,'2020-07-14','13:58:23','177.68.173.161',1,NULL,NULL,NULL,NULL,NULL,1,'2020-08-20','23:46:46','191.254.210.184',1,1),(2986,25,NULL,128,'N','N','N','N','N','N','INATIVO',13,'2020-07-14','13:58:23','177.68.173.161',1,NULL,NULL,NULL,NULL,NULL,1,'2020-08-20','23:46:46','191.254.210.184',1,1),(2987,25,NULL,132,'S','S','S','S','N','N','INATIVO',13,'2020-07-14','13:58:23','177.68.173.161',1,NULL,NULL,NULL,NULL,NULL,1,'2020-08-20','23:46:46','191.254.210.184',1,1),(2988,25,NULL,148,'N','N','N','S','N','N','INATIVO',13,'2020-07-14','13:58:23','177.68.173.161',1,NULL,NULL,NULL,NULL,NULL,1,'2020-08-20','23:46:46','191.254.210.184',1,1),(2989,25,NULL,109,'N','N','N','N','N','N','INATIVO',13,'2020-07-14','13:58:23','177.68.173.161',1,NULL,NULL,NULL,NULL,NULL,1,'2020-08-20','23:46:46','191.254.210.184',1,1),(2990,25,NULL,143,'N','N','N','S','N','N','INATIVO',13,'2020-07-14','13:58:23','177.68.173.161',1,NULL,NULL,NULL,NULL,NULL,1,'2020-08-20','23:46:46','191.254.210.184',1,1),(2991,25,NULL,121,'N','S','S','S','N','N','INATIVO',13,'2020-07-14','13:58:23','177.68.173.161',1,NULL,NULL,NULL,NULL,NULL,1,'2020-08-20','23:46:46','191.254.210.184',1,1),(2992,25,NULL,114,'S','S','S','S','N','N','INATIVO',13,'2020-07-14','13:58:23','177.68.173.161',1,NULL,NULL,NULL,NULL,NULL,1,'2020-08-20','23:46:46','191.254.210.184',1,1),(2993,25,NULL,92,'N','S','S','S','N','N','INATIVO',13,'2020-07-14','13:58:23','177.68.173.161',1,NULL,NULL,NULL,NULL,NULL,1,'2020-08-20','23:46:46','191.254.210.184',1,1),(2994,25,NULL,134,'S','S','S','S','N','N','INATIVO',13,'2020-07-14','13:58:23','177.68.173.161',1,NULL,NULL,NULL,NULL,NULL,1,'2020-08-20','23:46:46','191.254.210.184',1,1),(2995,25,NULL,120,'S','S','S','S','N','N','INATIVO',13,'2020-07-14','13:58:23','177.68.173.161',1,NULL,NULL,NULL,NULL,NULL,1,'2020-08-20','23:46:46','191.254.210.184',1,1),(2996,25,NULL,147,'S','S','S','S','N','N','INATIVO',13,'2020-07-14','13:58:23','177.68.173.161',1,NULL,NULL,NULL,NULL,NULL,1,'2020-08-20','23:46:46','191.254.210.184',1,1),(2997,21,NULL,58,'N','N','N','N','N','N','INATIVO',13,'2020-07-14','14:06:12','177.68.173.161',1,NULL,NULL,NULL,NULL,NULL,13,'2021-01-04','10:40:18','177.138.186.112',1,1),(2998,21,NULL,35,'S','S','N','S','N','N','INATIVO',13,'2020-07-14','14:06:12','177.68.173.161',1,NULL,NULL,NULL,NULL,NULL,13,'2021-01-04','10:40:18','177.138.186.112',1,1),(2999,21,NULL,38,'N','S','N','S','N','N','INATIVO',13,'2020-07-14','14:06:12','177.68.173.161',1,NULL,NULL,NULL,NULL,NULL,13,'2021-01-04','10:40:18','177.138.186.112',1,1),(3000,21,NULL,133,'N','N','N','N','N','N','INATIVO',13,'2020-07-14','14:06:12','177.68.173.161',1,NULL,NULL,NULL,NULL,NULL,13,'2021-01-04','10:40:18','177.138.186.112',1,1),(3001,21,NULL,127,'N','N','N','N','N','N','INATIVO',13,'2020-07-14','14:06:12','177.68.173.161',1,NULL,NULL,NULL,NULL,NULL,13,'2021-01-04','10:40:18','177.138.186.112',1,1),(3002,21,NULL,149,'N','N','N','N','N','N','INATIVO',13,'2020-07-14','14:06:12','177.68.173.161',1,NULL,NULL,NULL,NULL,NULL,13,'2021-01-04','10:40:18','177.138.186.112',1,1),(3003,21,NULL,131,'S','S','S','S','N','N','INATIVO',13,'2020-07-14','14:06:12','177.68.173.161',1,NULL,NULL,NULL,NULL,NULL,13,'2021-01-04','10:40:18','177.138.186.112',1,1),(3004,21,NULL,89,'S','S','N','S','N','N','INATIVO',13,'2020-07-14','14:06:12','177.68.173.161',1,NULL,NULL,NULL,NULL,NULL,13,'2021-01-04','10:40:18','177.138.186.112',1,1),(3005,21,NULL,88,'S','S','N','S','N','N','INATIVO',13,'2020-07-14','14:06:12','177.68.173.161',1,NULL,NULL,NULL,NULL,NULL,13,'2021-01-04','10:40:18','177.138.186.112',1,1),(3006,21,NULL,142,'S','S','N','S','N','N','INATIVO',13,'2020-07-14','14:06:12','177.68.173.161',1,NULL,NULL,NULL,NULL,NULL,13,'2021-01-04','10:40:18','177.138.186.112',1,1),(3007,21,NULL,65,'S','S','S','S','N','N','INATIVO',13,'2020-07-14','14:06:12','177.68.173.161',1,NULL,NULL,NULL,NULL,NULL,13,'2021-01-04','10:40:18','177.138.186.112',1,1),(3008,21,NULL,56,'N','N','N','N','N','N','INATIVO',13,'2020-07-14','14:06:12','177.68.173.161',1,NULL,NULL,NULL,NULL,NULL,13,'2021-01-04','10:40:18','177.138.186.112',1,1),(3009,21,NULL,136,'N','N','N','S','N','N','INATIVO',13,'2020-07-14','14:06:12','177.68.173.161',1,NULL,NULL,NULL,NULL,NULL,13,'2021-01-04','10:40:18','177.138.186.112',1,1),(3010,21,NULL,130,'N','N','N','S','N','N','INATIVO',13,'2020-07-14','14:06:12','177.68.173.161',1,NULL,NULL,NULL,NULL,NULL,13,'2021-01-04','10:40:18','177.138.186.112',1,1),(3011,21,NULL,118,'N','N','N','S','N','N','INATIVO',13,'2020-07-14','14:06:12','177.68.173.161',1,NULL,NULL,NULL,NULL,NULL,13,'2021-01-04','10:40:18','177.138.186.112',1,1),(3012,21,NULL,144,'N','S','S','S','N','N','INATIVO',13,'2020-07-14','14:06:12','177.68.173.161',1,NULL,NULL,NULL,NULL,NULL,13,'2021-01-04','10:40:18','177.138.186.112',1,1),(3013,21,NULL,78,'S','S','S','S','N','N','INATIVO',13,'2020-07-14','14:06:12','177.68.173.161',1,NULL,NULL,NULL,NULL,NULL,13,'2021-01-04','10:40:18','177.138.186.112',1,1),(3014,21,NULL,77,'S','S','S','S','N','N','INATIVO',13,'2020-07-14','14:06:12','177.68.173.161',1,NULL,NULL,NULL,NULL,NULL,13,'2021-01-04','10:40:18','177.138.186.112',1,1),(3015,21,NULL,39,'N','S','S','S','N','N','INATIVO',13,'2020-07-14','14:06:12','177.68.173.161',1,NULL,NULL,NULL,NULL,NULL,13,'2021-01-04','10:40:18','177.138.186.112',1,1),(3016,21,NULL,135,'S','S','N','S','N','N','INATIVO',13,'2020-07-14','14:06:12','177.68.173.161',1,NULL,NULL,NULL,NULL,NULL,13,'2021-01-04','10:40:18','177.138.186.112',1,1),(3017,21,NULL,146,'N','S','N','S','N','N','INATIVO',13,'2020-07-14','14:06:12','177.68.173.161',1,NULL,NULL,NULL,NULL,NULL,13,'2021-01-04','10:40:18','177.138.186.112',1,1),(3057,1,NULL,58,'N','N','N','N','N','N','INATIVO',1,'2020-08-20','23:46:32','191.254.210.184',1,NULL,NULL,NULL,NULL,NULL,13,'2021-01-28','15:30:49','179.98.1.78',1,1),(3058,1,NULL,57,'S','S','S','S','N','N','INATIVO',1,'2020-08-20','23:46:32','191.254.210.184',1,NULL,NULL,NULL,NULL,NULL,13,'2021-01-28','15:30:49','179.98.1.78',1,1),(3059,1,NULL,35,'S','S','S','S','N','N','INATIVO',1,'2020-08-20','23:46:32','191.254.210.184',1,NULL,NULL,NULL,NULL,NULL,13,'2021-01-28','15:30:49','179.98.1.78',1,1),(3060,1,NULL,38,'N','S','S','S','N','N','INATIVO',1,'2020-08-20','23:46:32','191.254.210.184',1,NULL,NULL,NULL,NULL,NULL,13,'2021-01-28','15:30:49','179.98.1.78',1,1),(3061,1,NULL,133,'S','S','S','S','N','N','INATIVO',1,'2020-08-20','23:46:32','191.254.210.184',1,NULL,NULL,NULL,NULL,NULL,13,'2021-01-28','15:30:49','179.98.1.78',1,1),(3062,1,NULL,127,'N','N','N','N','N','N','INATIVO',1,'2020-08-20','23:46:32','191.254.210.184',1,NULL,NULL,NULL,NULL,NULL,13,'2021-01-28','15:30:49','179.98.1.78',1,1),(3063,1,NULL,149,'N','N','N','N','N','N','INATIVO',1,'2020-08-20','23:46:32','191.254.210.184',1,NULL,NULL,NULL,NULL,NULL,13,'2021-01-28','15:30:49','179.98.1.78',1,1),(3064,1,NULL,131,'S','S','S','S','N','N','INATIVO',1,'2020-08-20','23:46:32','191.254.210.184',1,NULL,NULL,NULL,NULL,NULL,13,'2021-01-28','15:30:49','179.98.1.78',1,1),(3065,1,NULL,117,'S','S','S','S','N','N','INATIVO',1,'2020-08-20','23:46:32','191.254.210.184',1,NULL,NULL,NULL,NULL,NULL,13,'2021-01-28','15:30:49','179.98.1.78',1,1),(3066,1,NULL,89,'S','S','S','S','N','N','INATIVO',1,'2020-08-20','23:46:32','191.254.210.184',1,NULL,NULL,NULL,NULL,NULL,13,'2021-01-28','15:30:49','179.98.1.78',1,1),(3067,1,NULL,88,'S','S','S','S','N','N','INATIVO',1,'2020-08-20','23:46:32','191.254.210.184',1,NULL,NULL,NULL,NULL,NULL,13,'2021-01-28','15:30:49','179.98.1.78',1,1),(3068,1,NULL,126,'S','S','S','S','N','N','INATIVO',1,'2020-08-20','23:46:32','191.254.210.184',1,NULL,NULL,NULL,NULL,NULL,13,'2021-01-28','15:30:49','179.98.1.78',1,1),(3069,1,NULL,142,'S','S','S','S','N','N','INATIVO',1,'2020-08-20','23:46:32','191.254.210.184',1,NULL,NULL,NULL,NULL,NULL,13,'2021-01-28','15:30:49','179.98.1.78',1,1),(3070,1,NULL,64,'S','N','S','S','N','N','INATIVO',1,'2020-08-20','23:46:32','191.254.210.184',1,NULL,NULL,NULL,NULL,NULL,13,'2021-01-28','15:30:49','179.98.1.78',1,1),(3071,1,NULL,65,'S','S','S','S','N','N','INATIVO',1,'2020-08-20','23:46:32','191.254.210.184',1,NULL,NULL,NULL,NULL,NULL,13,'2021-01-28','15:30:49','179.98.1.78',1,1),(3072,1,NULL,56,'N','N','N','N','N','N','INATIVO',1,'2020-08-20','23:46:32','191.254.210.184',1,NULL,NULL,NULL,NULL,NULL,13,'2021-01-28','15:30:49','179.98.1.78',1,1),(3073,1,NULL,137,'N','S','N','S','N','N','INATIVO',1,'2020-08-20','23:46:32','191.254.210.184',1,NULL,NULL,NULL,NULL,NULL,13,'2021-01-28','15:30:49','179.98.1.78',1,1),(3074,1,NULL,73,'N','N','N','N','N','N','INATIVO',1,'2020-08-20','23:46:32','191.254.210.184',1,NULL,NULL,NULL,NULL,NULL,13,'2021-01-28','15:30:49','179.98.1.78',1,1),(3075,1,NULL,136,'S','S','S','S','N','N','INATIVO',1,'2020-08-20','23:46:32','191.254.210.184',1,NULL,NULL,NULL,NULL,NULL,13,'2021-01-28','15:30:49','179.98.1.78',1,1),(3076,1,NULL,130,'S','S','S','S','N','N','INATIVO',1,'2020-08-20','23:46:32','191.254.210.184',1,NULL,NULL,NULL,NULL,NULL,13,'2021-01-28','15:30:49','179.98.1.78',1,1),(3077,1,NULL,118,'S','S','S','S','N','N','INATIVO',1,'2020-08-20','23:46:32','191.254.210.184',1,NULL,NULL,NULL,NULL,NULL,13,'2021-01-28','15:30:49','179.98.1.78',1,1),(3078,1,NULL,63,'S','S','S','S','N','N','INATIVO',1,'2020-08-20','23:46:32','191.254.210.184',1,NULL,NULL,NULL,NULL,NULL,13,'2021-01-28','15:30:49','179.98.1.78',1,1),(3079,1,NULL,124,'S','S','S','S','N','N','INATIVO',1,'2020-08-20','23:46:32','191.254.210.184',1,NULL,NULL,NULL,NULL,NULL,13,'2021-01-28','15:30:49','179.98.1.78',1,1),(3080,1,NULL,145,'S','S','S','S','N','N','INATIVO',1,'2020-08-20','23:46:32','191.254.210.184',1,NULL,NULL,NULL,NULL,NULL,13,'2021-01-28','15:30:49','179.98.1.78',1,1),(3081,1,NULL,144,'N','S','S','S','N','N','INATIVO',1,'2020-08-20','23:46:32','191.254.210.184',1,NULL,NULL,NULL,NULL,NULL,13,'2021-01-28','15:30:49','179.98.1.78',1,1),(3082,1,NULL,45,'S','S','S','S','N','N','INATIVO',1,'2020-08-20','23:46:32','191.254.210.184',1,NULL,NULL,NULL,NULL,NULL,13,'2021-01-28','15:30:49','179.98.1.78',1,1),(3083,1,NULL,46,'S','S','S','S','N','N','INATIVO',1,'2020-08-20','23:46:32','191.254.210.184',1,NULL,NULL,NULL,NULL,NULL,13,'2021-01-28','15:30:49','179.98.1.78',1,1),(3084,1,NULL,47,'S','S','S','S','N','N','INATIVO',1,'2020-08-20','23:46:32','191.254.210.184',1,NULL,NULL,NULL,NULL,NULL,13,'2021-01-28','15:30:49','179.98.1.78',1,1),(3085,1,NULL,78,'S','S','S','S','N','N','INATIVO',1,'2020-08-20','23:46:32','191.254.210.184',1,NULL,NULL,NULL,NULL,NULL,13,'2021-01-28','15:30:49','179.98.1.78',1,1),(3086,1,NULL,77,'S','S','S','S','N','N','INATIVO',1,'2020-08-20','23:46:32','191.254.210.184',1,NULL,NULL,NULL,NULL,NULL,13,'2021-01-28','15:30:49','179.98.1.78',1,1),(3087,1,NULL,150,'N','N','S','S','N','N','INATIVO',1,'2020-08-20','23:46:32','191.254.210.184',1,NULL,NULL,NULL,NULL,NULL,13,'2021-01-28','15:30:49','179.98.1.78',1,1),(3088,1,NULL,135,'S','S','S','S','N','N','INATIVO',1,'2020-08-20','23:46:32','191.254.210.184',1,NULL,NULL,NULL,NULL,NULL,13,'2021-01-28','15:30:49','179.98.1.78',1,1),(3089,1,NULL,146,'N','S','S','S','N','N','INATIVO',1,'2020-08-20','23:46:32','191.254.210.184',1,NULL,NULL,NULL,NULL,NULL,13,'2021-01-28','15:30:49','179.98.1.78',1,1),(3090,30,NULL,80,'N','N','N','S','N','N','ATIVO',1,'2020-08-20','23:47:28','191.254.210.184',1,NULL,NULL,NULL,NULL,NULL,NULL,NULL,NULL,NULL,NULL,1),(3091,30,NULL,151,'S','S','S','S','N','N','ATIVO',1,'2020-08-20','23:47:28','191.254.210.184',1,NULL,NULL,NULL,NULL,NULL,NULL,NULL,NULL,NULL,NULL,1),(3092,30,NULL,152,'S','S','S','S','N','N','ATIVO',1,'2020-08-20','23:47:28','191.254.210.184',1,NULL,NULL,NULL,NULL,NULL,NULL,NULL,NULL,NULL,NULL,1),(3093,30,NULL,153,'N','N','N','N','N','N','ATIVO',1,'2020-08-20','23:47:28','191.254.210.184',1,NULL,NULL,NULL,NULL,NULL,NULL,NULL,NULL,NULL,NULL,1),(3094,30,NULL,154,'S','S','S','S','N','N','ATIVO',1,'2020-08-20','23:47:28','191.254.210.184',1,NULL,NULL,NULL,NULL,NULL,NULL,NULL,NULL,NULL,NULL,1),(3095,30,NULL,155,'N','N','N','S','N','N','ATIVO',1,'2020-08-20','23:47:28','191.254.210.184',1,NULL,NULL,NULL,NULL,NULL,NULL,NULL,NULL,NULL,NULL,1),(3096,30,NULL,156,'S','S','S','S','N','N','ATIVO',1,'2020-08-20','23:47:28','191.254.210.184',1,NULL,NULL,NULL,NULL,NULL,NULL,NULL,NULL,NULL,NULL,1),(3097,30,NULL,157,'N','N','N','S','N','N','ATIVO',1,'2020-08-20','23:47:28','191.254.210.184',1,NULL,NULL,NULL,NULL,NULL,NULL,NULL,NULL,NULL,NULL,1),(3098,30,NULL,158,'N','S','S','S','N','N','ATIVO',1,'2020-08-20','23:47:28','191.254.210.184',1,NULL,NULL,NULL,NULL,NULL,NULL,NULL,NULL,NULL,NULL,1),(3099,30,NULL,159,'S','S','S','S','N','N','ATIVO',1,'2020-08-20','23:47:28','191.254.210.184',1,NULL,NULL,NULL,NULL,NULL,NULL,NULL,NULL,NULL,NULL,1),(3100,30,NULL,160,'N','S','S','S','N','N','ATIVO',1,'2020-08-20','23:47:28','191.254.210.184',1,NULL,NULL,NULL,NULL,NULL,NULL,NULL,NULL,NULL,NULL,1),(3101,30,NULL,161,'S','S','S','S','N','N','ATIVO',1,'2020-08-20','23:47:28','191.254.210.184',1,NULL,NULL,NULL,NULL,NULL,NULL,NULL,NULL,NULL,NULL,1),(3102,30,NULL,162,'S','S','S','S','N','N','ATIVO',1,'2020-08-20','23:47:28','191.254.210.184',1,NULL,NULL,NULL,NULL,NULL,NULL,NULL,NULL,NULL,NULL,1),(3103,30,NULL,163,'S','S','S','S','N','N','ATIVO',1,'2020-08-20','23:47:28','191.254.210.184',1,NULL,NULL,NULL,NULL,NULL,NULL,NULL,NULL,NULL,NULL,1),(3123,12,NULL,110,'N','N','N','N','N','N','INATIVO',13,'2021-01-04','10:39:54','177.138.186.112',1,NULL,NULL,NULL,NULL,NULL,13,'2021-01-04','10:40:43','177.138.186.112',1,1),(3124,12,NULL,90,'S','S','S','S','N','N','INATIVO',13,'2021-01-04','10:39:54','177.138.186.112',1,NULL,NULL,NULL,NULL,NULL,13,'2021-01-04','10:40:43','177.138.186.112',1,1),(3125,12,NULL,91,'N','S','S','S','N','N','INATIVO',13,'2021-01-04','10:39:54','177.138.186.112',1,NULL,NULL,NULL,NULL,NULL,13,'2021-01-04','10:40:43','177.138.186.112',1,1),(3126,12,NULL,129,'S','S','S','S','N','N','INATIVO',13,'2021-01-04','10:39:54','177.138.186.112',1,NULL,NULL,NULL,NULL,NULL,13,'2021-01-04','10:40:43','177.138.186.112',1,1),(3127,12,NULL,122,'S','S','S','S','N','N','INATIVO',13,'2021-01-04','10:39:54','177.138.186.112',1,NULL,NULL,NULL,NULL,NULL,13,'2021-01-04','10:40:43','177.138.186.112',1,1),(3128,12,NULL,128,'N','N','N','N','N','N','INATIVO',13,'2021-01-04','10:39:54','177.138.186.112',1,NULL,NULL,NULL,NULL,NULL,13,'2021-01-04','10:40:43','177.138.186.112',1,1),(3129,12,NULL,132,'S','S','S','S','N','N','INATIVO',13,'2021-01-04','10:39:54','177.138.186.112',1,NULL,NULL,NULL,NULL,NULL,13,'2021-01-04','10:40:43','177.138.186.112',1,1),(3130,12,NULL,116,'N','N','N','S','N','N','INATIVO',13,'2021-01-04','10:39:54','177.138.186.112',1,NULL,NULL,NULL,NULL,NULL,13,'2021-01-04','10:40:43','177.138.186.112',1,1),(3131,12,NULL,148,'N','N','N','S','N','N','INATIVO',13,'2021-01-04','10:39:54','177.138.186.112',1,NULL,NULL,NULL,NULL,NULL,13,'2021-01-04','10:40:43','177.138.186.112',1,1),(3132,12,NULL,109,'N','N','N','N','N','N','INATIVO',13,'2021-01-04','10:39:54','177.138.186.112',1,NULL,NULL,NULL,NULL,NULL,13,'2021-01-04','10:40:43','177.138.186.112',1,1),(3133,12,NULL,143,'N','N','N','S','N','N','INATIVO',13,'2021-01-04','10:39:54','177.138.186.112',1,NULL,NULL,NULL,NULL,NULL,13,'2021-01-04','10:40:43','177.138.186.112',1,1),(3134,12,NULL,121,'N','S','N','S','N','N','INATIVO',13,'2021-01-04','10:39:54','177.138.186.112',1,NULL,NULL,NULL,NULL,NULL,13,'2021-01-04','10:40:43','177.138.186.112',1,1),(3135,12,NULL,92,'N','S','S','S','N','N','INATIVO',13,'2021-01-04','10:39:54','177.138.186.112',1,NULL,NULL,NULL,NULL,NULL,13,'2021-01-04','10:40:43','177.138.186.112',1,1),(3136,12,NULL,120,'S','S','S','S','N','N','INATIVO',13,'2021-01-04','10:39:54','177.138.186.112',1,NULL,NULL,NULL,NULL,NULL,13,'2021-01-04','10:40:43','177.138.186.112',1,1),(3148,29,NULL,91,'N','S','N','S','N','N','ATIVO',13,'2021-04-09','21:22:02','45.172.117.229',1,NULL,NULL,NULL,NULL,NULL,NULL,NULL,NULL,NULL,NULL,1),(3149,29,NULL,122,'S','S','S','S','N','N','ATIVO',13,'2021-04-09','21:22:02','45.172.117.229',1,NULL,NULL,NULL,NULL,NULL,NULL,NULL,NULL,NULL,NULL,1),(3150,29,NULL,132,'S','S','S','S','N','N','ATIVO',13,'2021-04-09','21:22:02','45.172.117.229',1,NULL,NULL,NULL,NULL,NULL,NULL,NULL,NULL,NULL,NULL,1),(3151,29,NULL,109,'N','N','N','N','N','N','ATIVO',13,'2021-04-09','21:22:02','45.172.117.229',1,NULL,NULL,NULL,NULL,NULL,NULL,NULL,NULL,NULL,NULL,1),(3152,29,NULL,143,'N','N','N','S','N','N','ATIVO',13,'2021-04-09','21:22:02','45.172.117.229',1,NULL,NULL,NULL,NULL,NULL,NULL,NULL,NULL,NULL,NULL,1),(3165,13,NULL,90,'S','S','S','S','N','N','ATIVO',13,'2021-04-09','22:00:15','45.172.117.229',1,NULL,NULL,NULL,NULL,NULL,NULL,NULL,NULL,NULL,NULL,1),(3166,13,NULL,91,'N','S','S','S','N','N','ATIVO',13,'2021-04-09','22:00:15','45.172.117.229',1,NULL,NULL,NULL,NULL,NULL,NULL,NULL,NULL,NULL,NULL,1),(3167,13,NULL,129,'S','S','S','S','N','N','ATIVO',13,'2021-04-09','22:00:15','45.172.117.229',1,NULL,NULL,NULL,NULL,NULL,NULL,NULL,NULL,NULL,NULL,1),(3168,13,NULL,122,'S','S','S','S','N','N','ATIVO',13,'2021-04-09','22:00:15','45.172.117.229',1,NULL,NULL,NULL,NULL,NULL,NULL,NULL,NULL,NULL,NULL,1),(3169,13,NULL,128,'N','N','N','N','N','N','ATIVO',13,'2021-04-09','22:00:15','45.172.117.229',1,NULL,NULL,NULL,NULL,NULL,NULL,NULL,NULL,NULL,NULL,1),(3170,13,NULL,132,'S','S','S','S','N','N','ATIVO',13,'2021-04-09','22:00:15','45.172.117.229',1,NULL,NULL,NULL,NULL,NULL,NULL,NULL,NULL,NULL,NULL,1),(3171,13,NULL,109,'N','N','N','N','N','N','ATIVO',13,'2021-04-09','22:00:15','45.172.117.229',1,NULL,NULL,NULL,NULL,NULL,NULL,NULL,NULL,NULL,NULL,1),(3172,13,NULL,143,'N','N','N','S','N','N','ATIVO',13,'2021-04-09','22:00:15','45.172.117.229',1,NULL,NULL,NULL,NULL,NULL,NULL,NULL,NULL,NULL,NULL,1),(3173,13,NULL,121,'N','N','N','S','N','N','ATIVO',13,'2021-04-09','22:00:15','45.172.117.229',1,NULL,NULL,NULL,NULL,NULL,NULL,NULL,NULL,NULL,NULL,1),(3174,13,NULL,92,'N','S','S','S','N','N','ATIVO',13,'2021-04-09','22:00:15','45.172.117.229',1,NULL,NULL,NULL,NULL,NULL,NULL,NULL,NULL,NULL,NULL,1),(3175,13,NULL,120,'S','S','S','S','N','N','ATIVO',13,'2021-04-09','22:00:15','45.172.117.229',1,NULL,NULL,NULL,NULL,NULL,NULL,NULL,NULL,NULL,NULL,1);

/*Table structure for table `perfil_usuario` */

DROP TABLE IF EXISTS `perfil_usuario`;

CREATE TABLE `perfil_usuario` (
  `cd_perfil_usuario` int(11) NOT NULL AUTO_INCREMENT,
  `cd_usuario` int(11) NOT NULL,
  `cd_perfil` int(11) DEFAULT NULL,
  `cd_aplic` int(11) NOT NULL,
  `permissao_cadastro` enum('N','S') NOT NULL DEFAULT 'N',
  `permissao_alteracao` enum('N','S') NOT NULL DEFAULT 'N',
  `permissao_exclusao` enum('N','S') NOT NULL DEFAULT 'N',
  `permissao_informacao_detalhe` enum('N','S') NOT NULL DEFAULT 'N',
  `permissao_exclusao_lote` enum('N','S') NOT NULL DEFAULT 'N',
  `permissao_dashboard` enum('N','S') NOT NULL DEFAULT 'N',
  `status` enum('ATIVO','INATIVO') NOT NULL DEFAULT 'ATIVO',
  `cd_cad` int(10) DEFAULT NULL,
  `dt_cad` date DEFAULT NULL,
  `hr_cad` time DEFAULT NULL,
  `ip_cad` varchar(100) DEFAULT NULL,
  `cd_tipo_acesso_cad` int(11) DEFAULT NULL,
  `cd_alter` int(10) DEFAULT NULL,
  `dt_alter` date DEFAULT NULL,
  `hr_alter` time DEFAULT NULL,
  `ip_alter` varchar(100) DEFAULT NULL,
  `cd_tipo_acesso_alter` int(11) DEFAULT NULL,
  `cd_excluir` int(10) DEFAULT NULL,
  `dt_excluir` date DEFAULT NULL,
  `hr_excluir` time DEFAULT NULL,
  `ip_excluir` varchar(100) DEFAULT NULL,
  `cd_tipo_acesso_excluir` int(11) DEFAULT NULL,
  `cd_origem_dados` int(11) NOT NULL DEFAULT '1',
  PRIMARY KEY (`cd_perfil_usuario`),
  KEY `fk_perfil_usuario_cd_aplic` (`cd_aplic`),
  KEY `fk_perfil_usuario_cd_perfil` (`cd_perfil`),
  KEY `fk_perfil_usuario_cd_usuario` (`cd_usuario`),
  CONSTRAINT `fk_perfil_usuario_cd_aplic` FOREIGN KEY (`cd_aplic`) REFERENCES `aplicacao` (`cd_aplic`),
  CONSTRAINT `fk_perfil_usuario_cd_perfil` FOREIGN KEY (`cd_perfil`) REFERENCES `perfil` (`cd_perfil`),
  CONSTRAINT `fk_perfil_usuario_cd_usuario` FOREIGN KEY (`cd_usuario`) REFERENCES `usuario` (`cd_usuario`)
) ENGINE=InnoDB AUTO_INCREMENT=7222 DEFAULT CHARSET=utf8;

/*Data for the table `perfil_usuario` */

insert  into `perfil_usuario`(`cd_perfil_usuario`,`cd_usuario`,`cd_perfil`,`cd_aplic`,`permissao_cadastro`,`permissao_alteracao`,`permissao_exclusao`,`permissao_informacao_detalhe`,`permissao_exclusao_lote`,`permissao_dashboard`,`status`,`cd_cad`,`dt_cad`,`hr_cad`,`ip_cad`,`cd_tipo_acesso_cad`,`cd_alter`,`dt_alter`,`hr_alter`,`ip_alter`,`cd_tipo_acesso_alter`,`cd_excluir`,`dt_excluir`,`hr_excluir`,`ip_excluir`,`cd_tipo_acesso_excluir`,`cd_origem_dados`) values (382,1,NULL,57,'S','S','S','S','N','N','ATIVO',NULL,NULL,NULL,NULL,NULL,NULL,NULL,NULL,NULL,NULL,NULL,NULL,NULL,NULL,NULL,1),(1052,11,1,58,'N','N','N','N','N','N','ATIVO',1,'2018-12-11','20:15:16','191.189.70.245',1,NULL,NULL,NULL,NULL,NULL,NULL,NULL,NULL,NULL,NULL,1),(1053,11,1,38,'S','S','S','S','N','N','ATIVO',1,'2018-12-11','20:15:16','191.189.70.245',1,NULL,NULL,NULL,NULL,NULL,NULL,NULL,NULL,NULL,NULL,1),(1054,11,1,78,'S','S','S','S','N','N','ATIVO',1,'2018-12-11','20:15:16','191.189.70.245',1,NULL,NULL,NULL,NULL,NULL,NULL,NULL,NULL,NULL,NULL,1),(1055,11,1,57,'S','S','S','S','N','N','ATIVO',1,'2018-12-11','20:15:16','191.189.70.245',1,NULL,NULL,NULL,NULL,NULL,NULL,NULL,NULL,NULL,NULL,1),(1056,11,1,77,'S','S','S','S','N','N','ATIVO',1,'2018-12-11','20:15:16','191.189.70.245',1,NULL,NULL,NULL,NULL,NULL,NULL,NULL,NULL,NULL,NULL,1),(1057,11,1,35,'S','S','S','S','N','N','ATIVO',1,'2018-12-11','20:15:16','191.189.70.245',1,NULL,NULL,NULL,NULL,NULL,NULL,NULL,NULL,NULL,NULL,1),(1058,11,1,61,'S','S','S','S','N','N','ATIVO',1,'2018-12-11','20:15:16','191.189.70.245',1,NULL,NULL,NULL,NULL,NULL,NULL,NULL,NULL,NULL,NULL,1),(1059,11,1,60,'S','S','S','S','N','N','ATIVO',1,'2018-12-11','20:15:16','191.189.70.245',1,NULL,NULL,NULL,NULL,NULL,NULL,NULL,NULL,NULL,NULL,1),(1060,11,1,69,'N','N','N','N','N','N','ATIVO',1,'2018-12-11','20:15:16','191.189.70.245',1,NULL,NULL,NULL,NULL,NULL,NULL,NULL,NULL,NULL,NULL,1),(1061,11,1,62,'N','N','N','N','N','N','ATIVO',1,'2018-12-11','20:15:16','191.189.70.245',1,NULL,NULL,NULL,NULL,NULL,NULL,NULL,NULL,NULL,NULL,1),(1062,11,1,66,'S','S','S','S','N','N','ATIVO',1,'2018-12-11','20:15:16','191.189.70.245',1,NULL,NULL,NULL,NULL,NULL,NULL,NULL,NULL,NULL,NULL,1),(1063,11,1,67,'S','N','S','S','N','N','ATIVO',1,'2018-12-11','20:15:16','191.189.70.245',1,NULL,NULL,NULL,NULL,NULL,NULL,NULL,NULL,NULL,NULL,1),(1064,11,1,89,'S','S','S','S','N','N','ATIVO',1,'2018-12-11','20:15:16','191.189.70.245',1,NULL,NULL,NULL,NULL,NULL,NULL,NULL,NULL,NULL,NULL,1),(1065,11,1,88,'S','S','S','S','N','N','ATIVO',1,'2018-12-11','20:15:16','191.189.70.245',1,NULL,NULL,NULL,NULL,NULL,NULL,NULL,NULL,NULL,NULL,1),(1066,11,1,54,'S','S','S','S','N','N','ATIVO',1,'2018-12-11','20:15:16','191.189.70.245',1,NULL,NULL,NULL,NULL,NULL,NULL,NULL,NULL,NULL,NULL,1),(1067,11,1,53,'S','S','S','S','N','N','ATIVO',1,'2018-12-11','20:15:16','191.189.70.245',1,NULL,NULL,NULL,NULL,NULL,NULL,NULL,NULL,NULL,NULL,1),(1068,11,1,52,'S','S','S','S','N','N','ATIVO',1,'2018-12-11','20:15:16','191.189.70.245',1,NULL,NULL,NULL,NULL,NULL,NULL,NULL,NULL,NULL,NULL,1),(1069,11,1,64,'S','N','S','S','N','N','ATIVO',1,'2018-12-11','20:15:16','191.189.70.245',1,NULL,NULL,NULL,NULL,NULL,NULL,NULL,NULL,NULL,NULL,1),(1070,11,1,65,'S','S','S','S','N','N','ATIVO',1,'2018-12-11','20:15:16','191.189.70.245',1,NULL,NULL,NULL,NULL,NULL,NULL,NULL,NULL,NULL,NULL,1),(1071,11,1,56,'N','N','N','N','N','N','ATIVO',1,'2018-12-11','20:15:16','191.189.70.245',1,NULL,NULL,NULL,NULL,NULL,NULL,NULL,NULL,NULL,NULL,1),(1072,11,1,73,'N','N','N','N','N','N','ATIVO',1,'2018-12-11','20:15:16','191.189.70.245',1,NULL,NULL,NULL,NULL,NULL,NULL,NULL,NULL,NULL,NULL,1),(1073,11,1,75,'N','N','N','N','N','N','ATIVO',1,'2018-12-11','20:15:16','191.189.70.245',1,NULL,NULL,NULL,NULL,NULL,NULL,NULL,NULL,NULL,NULL,1),(1074,11,1,71,'S','N','S','S','N','N','ATIVO',1,'2018-12-11','20:15:16','191.189.70.245',1,NULL,NULL,NULL,NULL,NULL,NULL,NULL,NULL,NULL,NULL,1),(1075,11,1,40,'S','S','S','S','N','N','ATIVO',1,'2018-12-11','20:15:16','191.189.70.245',1,NULL,NULL,NULL,NULL,NULL,NULL,NULL,NULL,NULL,NULL,1),(1076,11,1,63,'S','S','S','S','N','N','ATIVO',1,'2018-12-11','20:15:16','191.189.70.245',1,NULL,NULL,NULL,NULL,NULL,NULL,NULL,NULL,NULL,NULL,1),(1077,11,1,45,'S','S','S','S','N','N','ATIVO',1,'2018-12-11','20:15:16','191.189.70.245',1,NULL,NULL,NULL,NULL,NULL,NULL,NULL,NULL,NULL,NULL,1),(1078,11,1,46,'S','S','S','S','N','N','ATIVO',1,'2018-12-11','20:15:16','191.189.70.245',1,NULL,NULL,NULL,NULL,NULL,NULL,NULL,NULL,NULL,NULL,1),(1079,11,1,47,'S','S','S','S','N','N','ATIVO',1,'2018-12-11','20:15:16','191.189.70.245',1,NULL,NULL,NULL,NULL,NULL,NULL,NULL,NULL,NULL,NULL,1),(1080,11,1,83,'S','S','S','S','N','N','ATIVO',1,'2018-12-11','20:15:16','191.189.70.245',1,NULL,NULL,NULL,NULL,NULL,NULL,NULL,NULL,NULL,NULL,1),(1081,11,1,49,'S','S','S','S','N','N','ATIVO',1,'2018-12-11','20:15:16','191.189.70.245',1,NULL,NULL,NULL,NULL,NULL,NULL,NULL,NULL,NULL,NULL,1),(1082,11,1,42,'S','S','S','S','N','N','ATIVO',1,'2018-12-11','20:15:16','191.189.70.245',1,NULL,NULL,NULL,NULL,NULL,NULL,NULL,NULL,NULL,NULL,1),(1083,11,1,59,'S','S','S','S','N','N','ATIVO',1,'2018-12-11','20:15:16','191.189.70.245',1,NULL,NULL,NULL,NULL,NULL,NULL,NULL,NULL,NULL,NULL,1),(1084,11,1,44,'S','S','S','S','N','N','ATIVO',1,'2018-12-11','20:15:16','191.189.70.245',1,NULL,NULL,NULL,NULL,NULL,NULL,NULL,NULL,NULL,NULL,1),(1085,11,1,48,'S','S','S','S','N','N','ATIVO',1,'2018-12-11','20:15:16','191.189.70.245',1,NULL,NULL,NULL,NULL,NULL,NULL,NULL,NULL,NULL,NULL,1),(1086,11,1,39,'S','S','S','S','N','N','ATIVO',1,'2018-12-11','20:15:16','191.189.70.245',1,NULL,NULL,NULL,NULL,NULL,NULL,NULL,NULL,NULL,NULL,1),(1087,11,1,55,'S','S','S','S','N','N','ATIVO',1,'2018-12-11','20:15:16','191.189.70.245',1,NULL,NULL,NULL,NULL,NULL,NULL,NULL,NULL,NULL,NULL,1),(1088,11,1,50,'S','S','S','S','N','N','ATIVO',1,'2018-12-11','20:15:16','191.189.70.245',1,NULL,NULL,NULL,NULL,NULL,NULL,NULL,NULL,NULL,NULL,1),(1089,11,1,51,'S','S','S','S','N','N','ATIVO',1,'2018-12-11','20:15:16','191.189.70.245',1,NULL,NULL,NULL,NULL,NULL,NULL,NULL,NULL,NULL,NULL,1),(1518,12,12,91,'S','S','S','S','N','N','ATIVO',1,'2019-04-02','11:28:12','127.0.0.1',1,NULL,NULL,NULL,NULL,NULL,NULL,NULL,NULL,NULL,NULL,1),(1519,12,12,122,'S','S','S','S','N','N','ATIVO',1,'2019-04-02','11:28:12','127.0.0.1',1,NULL,NULL,NULL,NULL,NULL,NULL,NULL,NULL,NULL,NULL,1),(1520,12,12,106,'S','S','S','S','N','N','ATIVO',1,'2019-04-02','11:28:12','127.0.0.1',1,NULL,NULL,NULL,NULL,NULL,NULL,NULL,NULL,NULL,NULL,1),(1521,12,12,105,'S','S','S','S','N','N','ATIVO',1,'2019-04-02','11:28:12','127.0.0.1',1,NULL,NULL,NULL,NULL,NULL,NULL,NULL,NULL,NULL,NULL,1),(1522,12,12,109,'N','N','N','N','N','N','ATIVO',1,'2019-04-02','11:28:12','127.0.0.1',1,NULL,NULL,NULL,NULL,NULL,NULL,NULL,NULL,NULL,NULL,1),(1523,12,12,113,'S','N','S','S','N','N','ATIVO',1,'2019-04-02','11:28:12','127.0.0.1',1,NULL,NULL,NULL,NULL,NULL,NULL,NULL,NULL,NULL,NULL,1),(1524,12,12,102,'S','S','S','S','N','N','ATIVO',1,'2019-04-02','11:28:12','127.0.0.1',1,NULL,NULL,NULL,NULL,NULL,NULL,NULL,NULL,NULL,NULL,1),(1525,12,12,101,'S','S','S','S','N','N','ATIVO',1,'2019-04-02','11:28:12','127.0.0.1',1,NULL,NULL,NULL,NULL,NULL,NULL,NULL,NULL,NULL,NULL,1),(1526,12,12,92,'S','S','S','S','N','N','ATIVO',1,'2019-04-02','11:28:12','127.0.0.1',1,NULL,NULL,NULL,NULL,NULL,NULL,NULL,NULL,NULL,NULL,1),(1527,12,12,119,'S','S','S','S','N','N','ATIVO',1,'2019-04-02','11:28:12','127.0.0.1',1,NULL,NULL,NULL,NULL,NULL,NULL,NULL,NULL,NULL,NULL,1),(1528,12,12,120,'N','S','S','S','N','N','ATIVO',1,'2019-04-02','11:28:12','127.0.0.1',1,NULL,NULL,NULL,NULL,NULL,NULL,NULL,NULL,NULL,NULL,1),(1529,15,13,90,'S','S','S','S','N','N','ATIVO',1,'2019-04-02','11:28:20','127.0.0.1',1,NULL,NULL,NULL,NULL,NULL,NULL,NULL,NULL,NULL,NULL,1),(1530,15,13,91,'S','S','S','S','N','N','ATIVO',1,'2019-04-02','11:28:20','127.0.0.1',1,NULL,NULL,NULL,NULL,NULL,NULL,NULL,NULL,NULL,NULL,1),(1531,15,13,122,'S','S','S','S','N','N','ATIVO',1,'2019-04-02','11:28:20','127.0.0.1',1,NULL,NULL,NULL,NULL,NULL,NULL,NULL,NULL,NULL,NULL,1),(1532,15,13,106,'S','S','S','S','N','N','ATIVO',1,'2019-04-02','11:28:20','127.0.0.1',1,NULL,NULL,NULL,NULL,NULL,NULL,NULL,NULL,NULL,NULL,1),(1533,15,13,105,'S','S','S','S','N','N','ATIVO',1,'2019-04-02','11:28:20','127.0.0.1',1,NULL,NULL,NULL,NULL,NULL,NULL,NULL,NULL,NULL,NULL,1),(1534,15,13,109,'N','N','N','N','N','N','ATIVO',1,'2019-04-02','11:28:20','127.0.0.1',1,NULL,NULL,NULL,NULL,NULL,NULL,NULL,NULL,NULL,NULL,1),(1535,15,13,113,'S','N','S','S','N','N','ATIVO',1,'2019-04-02','11:28:20','127.0.0.1',1,NULL,NULL,NULL,NULL,NULL,NULL,NULL,NULL,NULL,NULL,1),(1536,15,13,112,'S','S','S','S','N','N','ATIVO',1,'2019-04-02','11:28:20','127.0.0.1',1,NULL,NULL,NULL,NULL,NULL,NULL,NULL,NULL,NULL,NULL,1),(1537,15,13,98,'S','S','S','S','N','N','ATIVO',1,'2019-04-02','11:28:20','127.0.0.1',1,NULL,NULL,NULL,NULL,NULL,NULL,NULL,NULL,NULL,NULL,1),(1538,15,13,99,'S','S','S','S','N','N','ATIVO',1,'2019-04-02','11:28:20','127.0.0.1',1,NULL,NULL,NULL,NULL,NULL,NULL,NULL,NULL,NULL,NULL,1),(1539,15,13,100,'S','S','S','S','N','N','ATIVO',1,'2019-04-02','11:28:20','127.0.0.1',1,NULL,NULL,NULL,NULL,NULL,NULL,NULL,NULL,NULL,NULL,1),(1540,15,13,102,'S','S','S','S','N','N','ATIVO',1,'2019-04-02','11:28:20','127.0.0.1',1,NULL,NULL,NULL,NULL,NULL,NULL,NULL,NULL,NULL,NULL,1),(1541,15,13,101,'S','S','S','S','N','N','ATIVO',1,'2019-04-02','11:28:20','127.0.0.1',1,NULL,NULL,NULL,NULL,NULL,NULL,NULL,NULL,NULL,NULL,1),(1542,15,13,92,'S','S','S','S','N','N','ATIVO',1,'2019-04-02','11:28:20','127.0.0.1',1,NULL,NULL,NULL,NULL,NULL,NULL,NULL,NULL,NULL,NULL,1),(1543,15,13,119,'S','S','S','S','N','N','ATIVO',1,'2019-04-02','11:28:20','127.0.0.1',1,NULL,NULL,NULL,NULL,NULL,NULL,NULL,NULL,NULL,NULL,1),(1544,15,13,120,'N','S','S','S','N','N','ATIVO',1,'2019-04-02','11:28:20','127.0.0.1',1,NULL,NULL,NULL,NULL,NULL,NULL,NULL,NULL,NULL,NULL,1),(1716,30,11,19,'S','S','S','S','N','N','ATIVO',11,'2019-04-15','16:20:26','191.19.220.245',7,NULL,NULL,NULL,NULL,NULL,NULL,NULL,NULL,NULL,NULL,1),(1717,30,11,18,'S','S','S','S','N','N','ATIVO',11,'2019-04-15','16:20:26','191.19.220.245',7,NULL,NULL,NULL,NULL,NULL,NULL,NULL,NULL,NULL,NULL,1),(1718,30,11,22,'N','N','N','N','N','N','ATIVO',11,'2019-04-15','16:20:26','191.19.220.245',7,NULL,NULL,NULL,NULL,NULL,NULL,NULL,NULL,NULL,NULL,1),(1719,30,11,6,'S','S','S','S','N','N','ATIVO',11,'2019-04-15','16:20:26','191.19.220.245',7,NULL,NULL,NULL,NULL,NULL,NULL,NULL,NULL,NULL,NULL,1),(1720,30,11,15,'S','S','S','S','N','N','ATIVO',11,'2019-04-15','16:20:26','191.19.220.245',7,NULL,NULL,NULL,NULL,NULL,NULL,NULL,NULL,NULL,NULL,1),(1722,30,11,5,'S','S','S','S','N','N','ATIVO',11,'2019-04-15','16:20:26','191.19.220.245',7,NULL,NULL,NULL,NULL,NULL,NULL,NULL,NULL,NULL,NULL,1),(1769,35,13,90,'S','S','S','S','N','N','ATIVO',34,'2019-05-21','19:56:30','201.32.131.136',7,NULL,NULL,NULL,NULL,NULL,NULL,NULL,NULL,NULL,NULL,1),(1770,35,13,91,'S','S','S','S','N','N','ATIVO',34,'2019-05-21','19:56:30','201.32.131.136',7,NULL,NULL,NULL,NULL,NULL,NULL,NULL,NULL,NULL,NULL,1),(1771,35,13,122,'S','S','S','S','N','N','ATIVO',34,'2019-05-21','19:56:30','201.32.131.136',7,NULL,NULL,NULL,NULL,NULL,NULL,NULL,NULL,NULL,NULL,1),(1772,35,13,106,'S','S','S','S','N','N','ATIVO',34,'2019-05-21','19:56:30','201.32.131.136',7,NULL,NULL,NULL,NULL,NULL,NULL,NULL,NULL,NULL,NULL,1),(1773,35,13,105,'S','S','S','S','N','N','ATIVO',34,'2019-05-21','19:56:30','201.32.131.136',7,NULL,NULL,NULL,NULL,NULL,NULL,NULL,NULL,NULL,NULL,1),(1774,35,13,109,'N','N','N','N','N','N','ATIVO',34,'2019-05-21','19:56:30','201.32.131.136',7,NULL,NULL,NULL,NULL,NULL,NULL,NULL,NULL,NULL,NULL,1),(1775,35,13,113,'S','N','S','S','N','N','ATIVO',34,'2019-05-21','19:56:30','201.32.131.136',7,NULL,NULL,NULL,NULL,NULL,NULL,NULL,NULL,NULL,NULL,1),(1776,35,13,112,'S','S','S','S','N','N','ATIVO',34,'2019-05-21','19:56:30','201.32.131.136',7,NULL,NULL,NULL,NULL,NULL,NULL,NULL,NULL,NULL,NULL,1),(1777,35,13,98,'S','S','S','S','N','N','ATIVO',34,'2019-05-21','19:56:30','201.32.131.136',7,NULL,NULL,NULL,NULL,NULL,NULL,NULL,NULL,NULL,NULL,1),(1778,35,13,99,'S','S','S','S','N','N','ATIVO',34,'2019-05-21','19:56:30','201.32.131.136',7,NULL,NULL,NULL,NULL,NULL,NULL,NULL,NULL,NULL,NULL,1),(1779,35,13,100,'N','S','S','S','N','N','ATIVO',34,'2019-05-21','19:56:30','201.32.131.136',7,NULL,NULL,NULL,NULL,NULL,NULL,NULL,NULL,NULL,NULL,1),(1780,35,13,102,'S','S','S','S','N','N','ATIVO',34,'2019-05-21','19:56:30','201.32.131.136',7,NULL,NULL,NULL,NULL,NULL,NULL,NULL,NULL,NULL,NULL,1),(1781,35,13,101,'S','S','S','S','N','N','ATIVO',34,'2019-05-21','19:56:30','201.32.131.136',7,NULL,NULL,NULL,NULL,NULL,NULL,NULL,NULL,NULL,NULL,1),(1782,35,13,92,'S','S','S','S','N','N','ATIVO',34,'2019-05-21','19:56:30','201.32.131.136',7,NULL,NULL,NULL,NULL,NULL,NULL,NULL,NULL,NULL,NULL,1),(1783,35,13,120,'S','S','S','S','N','N','ATIVO',34,'2019-05-21','19:56:30','201.32.131.136',7,NULL,NULL,NULL,NULL,NULL,NULL,NULL,NULL,NULL,NULL,1),(1827,38,15,125,'N','N','N','S','N','N','ATIVO',11,'2019-08-01','20:12:53','179.111.82.187',7,NULL,NULL,NULL,NULL,NULL,NULL,NULL,NULL,NULL,NULL,1),(1828,39,12,90,'S','S','S','S','N','N','ATIVO',11,'2019-08-23','08:27:46','189.68.111.161',7,NULL,NULL,NULL,NULL,NULL,NULL,NULL,NULL,NULL,NULL,1),(1829,39,12,91,'S','S','S','S','N','N','ATIVO',11,'2019-08-23','08:27:46','189.68.111.161',7,NULL,NULL,NULL,NULL,NULL,NULL,NULL,NULL,NULL,NULL,1),(1830,39,12,122,'S','S','S','S','N','N','ATIVO',11,'2019-08-23','08:27:46','189.68.111.161',7,NULL,NULL,NULL,NULL,NULL,NULL,NULL,NULL,NULL,NULL,1),(1831,39,12,106,'S','S','S','S','N','N','ATIVO',11,'2019-08-23','08:27:46','189.68.111.161',7,NULL,NULL,NULL,NULL,NULL,NULL,NULL,NULL,NULL,NULL,1),(1832,39,12,105,'S','S','S','S','N','N','ATIVO',11,'2019-08-23','08:27:46','189.68.111.161',7,NULL,NULL,NULL,NULL,NULL,NULL,NULL,NULL,NULL,NULL,1),(1833,39,12,109,'N','N','N','N','N','N','ATIVO',11,'2019-08-23','08:27:46','189.68.111.161',7,NULL,NULL,NULL,NULL,NULL,NULL,NULL,NULL,NULL,NULL,1),(1834,39,12,113,'S','N','S','S','N','N','ATIVO',11,'2019-08-23','08:27:46','189.68.111.161',7,NULL,NULL,NULL,NULL,NULL,NULL,NULL,NULL,NULL,NULL,1),(1835,39,12,121,'N','S','N','S','N','N','ATIVO',11,'2019-08-23','08:27:46','189.68.111.161',7,NULL,NULL,NULL,NULL,NULL,NULL,NULL,NULL,NULL,NULL,1),(1836,39,12,102,'S','S','S','S','N','N','ATIVO',11,'2019-08-23','08:27:46','189.68.111.161',7,NULL,NULL,NULL,NULL,NULL,NULL,NULL,NULL,NULL,NULL,1),(1837,39,12,101,'S','S','S','S','N','N','ATIVO',11,'2019-08-23','08:27:46','189.68.111.161',7,NULL,NULL,NULL,NULL,NULL,NULL,NULL,NULL,NULL,NULL,1),(1838,39,12,92,'S','S','S','S','N','N','ATIVO',11,'2019-08-23','08:27:46','189.68.111.161',7,NULL,NULL,NULL,NULL,NULL,NULL,NULL,NULL,NULL,NULL,1),(1839,39,12,120,'S','S','S','S','N','N','ATIVO',11,'2019-08-23','08:27:46','189.68.111.161',7,NULL,NULL,NULL,NULL,NULL,NULL,NULL,NULL,NULL,NULL,1),(2050,36,15,125,'N','N','N','S','N','N','ATIVO',13,'2019-08-23','10:17:44','189.68.111.161',1,NULL,NULL,NULL,NULL,NULL,NULL,NULL,NULL,NULL,NULL,1),(2336,16,11,22,'N','N','N','N','N','N','ATIVO',1,'2019-09-26','10:48:47','189.112.142.114',1,NULL,NULL,NULL,NULL,NULL,NULL,NULL,NULL,NULL,NULL,1),(2337,16,11,5,'S','N','N','S','N','N','ATIVO',1,'2019-09-26','10:48:47','189.112.142.114',1,NULL,NULL,NULL,NULL,NULL,NULL,NULL,NULL,NULL,NULL,1),(2338,17,11,22,'N','N','N','N','N','N','ATIVO',1,'2019-09-26','10:48:47','189.112.142.114',1,NULL,NULL,NULL,NULL,NULL,NULL,NULL,NULL,NULL,NULL,1),(2339,17,11,5,'S','N','N','S','N','N','ATIVO',1,'2019-09-26','10:48:47','189.112.142.114',1,NULL,NULL,NULL,NULL,NULL,NULL,NULL,NULL,NULL,NULL,1),(2340,18,11,22,'N','N','N','N','N','N','ATIVO',1,'2019-09-26','10:48:47','189.112.142.114',1,NULL,NULL,NULL,NULL,NULL,NULL,NULL,NULL,NULL,NULL,1),(2341,18,11,5,'S','N','N','S','N','N','ATIVO',1,'2019-09-26','10:48:47','189.112.142.114',1,NULL,NULL,NULL,NULL,NULL,NULL,NULL,NULL,NULL,NULL,1),(2342,19,11,22,'N','N','N','N','N','N','ATIVO',1,'2019-09-26','10:48:47','189.112.142.114',1,NULL,NULL,NULL,NULL,NULL,NULL,NULL,NULL,NULL,NULL,1),(2343,19,11,5,'S','N','N','S','N','N','ATIVO',1,'2019-09-26','10:48:47','189.112.142.114',1,NULL,NULL,NULL,NULL,NULL,NULL,NULL,NULL,NULL,NULL,1),(2344,20,11,22,'N','N','N','N','N','N','ATIVO',1,'2019-09-26','10:48:47','189.112.142.114',1,NULL,NULL,NULL,NULL,NULL,NULL,NULL,NULL,NULL,NULL,1),(2345,20,11,5,'S','N','N','S','N','N','ATIVO',1,'2019-09-26','10:48:47','189.112.142.114',1,NULL,NULL,NULL,NULL,NULL,NULL,NULL,NULL,NULL,NULL,1),(2346,21,11,22,'N','N','N','N','N','N','ATIVO',1,'2019-09-26','10:48:47','189.112.142.114',1,NULL,NULL,NULL,NULL,NULL,NULL,NULL,NULL,NULL,NULL,1),(2347,21,11,5,'S','N','N','S','N','N','ATIVO',1,'2019-09-26','10:48:47','189.112.142.114',1,NULL,NULL,NULL,NULL,NULL,NULL,NULL,NULL,NULL,NULL,1),(2348,22,11,22,'N','N','N','N','N','N','ATIVO',1,'2019-09-26','10:48:47','189.112.142.114',1,NULL,NULL,NULL,NULL,NULL,NULL,NULL,NULL,NULL,NULL,1),(2349,22,11,5,'S','N','N','S','N','N','ATIVO',1,'2019-09-26','10:48:47','189.112.142.114',1,NULL,NULL,NULL,NULL,NULL,NULL,NULL,NULL,NULL,NULL,1),(2350,23,11,22,'N','N','N','N','N','N','ATIVO',1,'2019-09-26','10:48:47','189.112.142.114',1,NULL,NULL,NULL,NULL,NULL,NULL,NULL,NULL,NULL,NULL,1),(2351,23,11,5,'S','N','N','S','N','N','ATIVO',1,'2019-09-26','10:48:47','189.112.142.114',1,NULL,NULL,NULL,NULL,NULL,NULL,NULL,NULL,NULL,NULL,1),(2352,24,11,22,'N','N','N','N','N','N','ATIVO',1,'2019-09-26','10:48:47','189.112.142.114',1,NULL,NULL,NULL,NULL,NULL,NULL,NULL,NULL,NULL,NULL,1),(2353,24,11,5,'S','N','N','S','N','N','ATIVO',1,'2019-09-26','10:48:47','189.112.142.114',1,NULL,NULL,NULL,NULL,NULL,NULL,NULL,NULL,NULL,NULL,1),(2354,25,11,22,'N','N','N','N','N','N','ATIVO',1,'2019-09-26','10:48:47','189.112.142.114',1,NULL,NULL,NULL,NULL,NULL,NULL,NULL,NULL,NULL,NULL,1),(2355,25,11,5,'S','N','N','S','N','N','ATIVO',1,'2019-09-26','10:48:47','189.112.142.114',1,NULL,NULL,NULL,NULL,NULL,NULL,NULL,NULL,NULL,NULL,1),(2356,27,11,22,'N','N','N','N','N','N','ATIVO',1,'2019-09-26','10:48:47','189.112.142.114',1,NULL,NULL,NULL,NULL,NULL,NULL,NULL,NULL,NULL,NULL,1),(2357,27,11,5,'S','N','N','S','N','N','ATIVO',1,'2019-09-26','10:48:47','189.112.142.114',1,NULL,NULL,NULL,NULL,NULL,NULL,NULL,NULL,NULL,NULL,1),(2358,28,11,22,'N','N','N','N','N','N','ATIVO',1,'2019-09-26','10:48:47','189.112.142.114',1,NULL,NULL,NULL,NULL,NULL,NULL,NULL,NULL,NULL,NULL,1),(2359,28,11,5,'S','N','N','S','N','N','ATIVO',1,'2019-09-26','10:48:47','189.112.142.114',1,NULL,NULL,NULL,NULL,NULL,NULL,NULL,NULL,NULL,NULL,1),(2360,29,11,22,'N','N','N','N','N','N','ATIVO',1,'2019-09-26','10:48:47','189.112.142.114',1,NULL,NULL,NULL,NULL,NULL,NULL,NULL,NULL,NULL,NULL,1),(2361,29,11,5,'S','N','N','S','N','N','ATIVO',1,'2019-09-26','10:48:47','189.112.142.114',1,NULL,NULL,NULL,NULL,NULL,NULL,NULL,NULL,NULL,NULL,1),(2362,31,11,22,'N','N','N','N','N','N','ATIVO',1,'2019-09-26','10:48:47','189.112.142.114',1,NULL,NULL,NULL,NULL,NULL,NULL,NULL,NULL,NULL,NULL,1),(2363,31,11,5,'S','N','N','S','N','N','ATIVO',1,'2019-09-26','10:48:47','189.112.142.114',1,NULL,NULL,NULL,NULL,NULL,NULL,NULL,NULL,NULL,NULL,1),(2364,32,11,22,'N','N','N','N','N','N','ATIVO',1,'2019-09-26','10:48:47','189.112.142.114',1,NULL,NULL,NULL,NULL,NULL,NULL,NULL,NULL,NULL,NULL,1),(2365,32,11,5,'S','N','N','S','N','N','ATIVO',1,'2019-09-26','10:48:47','189.112.142.114',1,NULL,NULL,NULL,NULL,NULL,NULL,NULL,NULL,NULL,NULL,1),(2593,44,11,22,'N','N','N','N','N','N','ATIVO',13,'2019-09-30','08:12:26','45.172.119.250',1,NULL,NULL,NULL,NULL,NULL,NULL,NULL,NULL,NULL,NULL,1),(2594,44,11,5,'S','N','N','S','N','N','ATIVO',13,'2019-09-30','08:12:26','45.172.119.250',1,NULL,NULL,NULL,NULL,NULL,NULL,NULL,NULL,NULL,NULL,1),(2720,46,11,22,'N','N','N','N','N','N','ATIVO',1,'2019-10-07','21:04:02','187.23.33.231',1,NULL,NULL,NULL,NULL,NULL,NULL,NULL,NULL,NULL,NULL,1),(2721,46,11,5,'N','N','N','S','N','N','ATIVO',1,'2019-10-07','21:04:02','187.23.33.231',1,NULL,NULL,NULL,NULL,NULL,NULL,NULL,NULL,NULL,NULL,1),(3068,48,13,91,'N','S','S','S','N','N','ATIVO',1,'2019-12-18','09:34:18','189.112.142.114',1,NULL,NULL,NULL,NULL,NULL,NULL,NULL,NULL,NULL,NULL,1),(3069,48,13,129,'S','S','S','S','N','N','ATIVO',1,'2019-12-18','09:34:18','189.112.142.114',1,NULL,NULL,NULL,NULL,NULL,NULL,NULL,NULL,NULL,NULL,1),(3070,48,13,122,'S','S','S','S','N','N','ATIVO',1,'2019-12-18','09:34:18','189.112.142.114',1,NULL,NULL,NULL,NULL,NULL,NULL,NULL,NULL,NULL,NULL,1),(3071,48,13,132,'S','S','S','S','N','N','ATIVO',1,'2019-12-18','09:34:18','189.112.142.114',1,NULL,NULL,NULL,NULL,NULL,NULL,NULL,NULL,NULL,NULL,1),(3072,48,13,109,'N','N','N','N','N','N','ATIVO',1,'2019-12-18','09:34:18','189.112.142.114',1,NULL,NULL,NULL,NULL,NULL,NULL,NULL,NULL,NULL,NULL,1),(3073,48,13,121,'N','N','N','S','N','N','ATIVO',1,'2019-12-18','09:34:18','189.112.142.114',1,NULL,NULL,NULL,NULL,NULL,NULL,NULL,NULL,NULL,NULL,1),(3074,48,13,114,'S','S','S','S','N','N','ATIVO',1,'2019-12-18','09:34:18','189.112.142.114',1,NULL,NULL,NULL,NULL,NULL,NULL,NULL,NULL,NULL,NULL,1),(3075,48,13,92,'N','S','S','S','N','N','ATIVO',1,'2019-12-18','09:34:18','189.112.142.114',1,NULL,NULL,NULL,NULL,NULL,NULL,NULL,NULL,NULL,NULL,1),(3076,48,13,120,'S','S','S','S','N','N','ATIVO',1,'2019-12-18','09:34:18','189.112.142.114',1,NULL,NULL,NULL,NULL,NULL,NULL,NULL,NULL,NULL,NULL,1),(3077,37,10,110,'N','N','N','N','N','N','ATIVO',1,'2019-12-18','09:34:38','189.112.142.114',1,NULL,NULL,NULL,NULL,NULL,NULL,NULL,NULL,NULL,NULL,1),(3078,37,10,90,'S','S','S','S','N','N','ATIVO',1,'2019-12-18','09:34:38','189.112.142.114',1,NULL,NULL,NULL,NULL,NULL,NULL,NULL,NULL,NULL,NULL,1),(3079,37,10,91,'N','S','S','S','N','N','ATIVO',1,'2019-12-18','09:34:38','189.112.142.114',1,NULL,NULL,NULL,NULL,NULL,NULL,NULL,NULL,NULL,NULL,1),(3080,37,10,129,'S','S','S','S','N','N','ATIVO',1,'2019-12-18','09:34:38','189.112.142.114',1,NULL,NULL,NULL,NULL,NULL,NULL,NULL,NULL,NULL,NULL,1),(3081,37,10,122,'S','S','S','S','N','N','ATIVO',1,'2019-12-18','09:34:38','189.112.142.114',1,NULL,NULL,NULL,NULL,NULL,NULL,NULL,NULL,NULL,NULL,1),(3082,37,10,128,'N','N','N','N','N','N','ATIVO',1,'2019-12-18','09:34:38','189.112.142.114',1,NULL,NULL,NULL,NULL,NULL,NULL,NULL,NULL,NULL,NULL,1),(3083,37,10,132,'S','S','S','S','N','N','ATIVO',1,'2019-12-18','09:34:38','189.112.142.114',1,NULL,NULL,NULL,NULL,NULL,NULL,NULL,NULL,NULL,NULL,1),(3084,37,10,116,'S','S','S','S','N','N','ATIVO',1,'2019-12-18','09:34:38','189.112.142.114',1,NULL,NULL,NULL,NULL,NULL,NULL,NULL,NULL,NULL,NULL,1),(3085,37,10,106,'S','S','S','S','N','N','ATIVO',1,'2019-12-18','09:34:38','189.112.142.114',1,NULL,NULL,NULL,NULL,NULL,NULL,NULL,NULL,NULL,NULL,1),(3086,37,10,105,'S','S','S','S','N','N','ATIVO',1,'2019-12-18','09:34:38','189.112.142.114',1,NULL,NULL,NULL,NULL,NULL,NULL,NULL,NULL,NULL,NULL,1),(3087,37,10,109,'N','N','N','N','N','N','ATIVO',1,'2019-12-18','09:34:38','189.112.142.114',1,NULL,NULL,NULL,NULL,NULL,NULL,NULL,NULL,NULL,NULL,1),(3088,37,10,113,'S','N','S','S','N','N','ATIVO',1,'2019-12-18','09:34:38','189.112.142.114',1,NULL,NULL,NULL,NULL,NULL,NULL,NULL,NULL,NULL,NULL,1),(3089,37,10,93,'S','S','S','S','N','N','ATIVO',1,'2019-12-18','09:34:38','189.112.142.114',1,NULL,NULL,NULL,NULL,NULL,NULL,NULL,NULL,NULL,NULL,1),(3090,37,10,112,'S','S','S','S','N','N','ATIVO',1,'2019-12-18','09:34:38','189.112.142.114',1,NULL,NULL,NULL,NULL,NULL,NULL,NULL,NULL,NULL,NULL,1),(3091,37,10,98,'S','S','S','S','N','N','ATIVO',1,'2019-12-18','09:34:38','189.112.142.114',1,NULL,NULL,NULL,NULL,NULL,NULL,NULL,NULL,NULL,NULL,1),(3092,37,10,99,'S','S','S','S','N','N','ATIVO',1,'2019-12-18','09:34:38','189.112.142.114',1,NULL,NULL,NULL,NULL,NULL,NULL,NULL,NULL,NULL,NULL,1),(3093,37,10,100,'N','S','S','S','N','N','ATIVO',1,'2019-12-18','09:34:38','189.112.142.114',1,NULL,NULL,NULL,NULL,NULL,NULL,NULL,NULL,NULL,NULL,1),(3094,37,10,121,'N','S','S','S','N','N','ATIVO',1,'2019-12-18','09:34:38','189.112.142.114',1,NULL,NULL,NULL,NULL,NULL,NULL,NULL,NULL,NULL,NULL,1),(3095,37,10,114,'S','S','S','S','N','N','ATIVO',1,'2019-12-18','09:34:38','189.112.142.114',1,NULL,NULL,NULL,NULL,NULL,NULL,NULL,NULL,NULL,NULL,1),(3096,37,10,102,'S','S','S','S','N','N','ATIVO',1,'2019-12-18','09:34:38','189.112.142.114',1,NULL,NULL,NULL,NULL,NULL,NULL,NULL,NULL,NULL,NULL,1),(3097,37,10,101,'S','S','S','S','N','N','ATIVO',1,'2019-12-18','09:34:38','189.112.142.114',1,NULL,NULL,NULL,NULL,NULL,NULL,NULL,NULL,NULL,NULL,1),(3098,37,10,92,'N','S','S','S','N','N','ATIVO',1,'2019-12-18','09:34:38','189.112.142.114',1,NULL,NULL,NULL,NULL,NULL,NULL,NULL,NULL,NULL,NULL,1),(3099,37,10,120,'S','S','S','S','N','N','ATIVO',1,'2019-12-18','09:34:38','189.112.142.114',1,NULL,NULL,NULL,NULL,NULL,NULL,NULL,NULL,NULL,NULL,1),(3254,52,11,22,'N','N','N','N','N','N','ATIVO',51,'2020-01-09','10:40:37','201.55.8.69',7,NULL,NULL,NULL,NULL,NULL,NULL,NULL,NULL,NULL,NULL,1),(3255,52,11,5,'N','N','N','S','N','N','ATIVO',51,'2020-01-09','10:40:37','201.55.8.69',7,NULL,NULL,NULL,NULL,NULL,NULL,NULL,NULL,NULL,NULL,1),(4199,45,11,141,'N','S','N','S','N','N','ATIVO',1,'2020-03-26','21:00:43','191.17.177.212',1,NULL,NULL,NULL,NULL,NULL,NULL,NULL,NULL,NULL,NULL,1),(4200,45,11,5,'N','N','N','S','N','N','ATIVO',1,'2020-03-26','21:00:43','191.17.177.212',1,NULL,NULL,NULL,NULL,NULL,NULL,NULL,NULL,NULL,NULL,1),(4201,47,11,141,'N','S','N','S','N','N','ATIVO',1,'2020-03-26','21:00:43','191.17.177.212',1,NULL,NULL,NULL,NULL,NULL,NULL,NULL,NULL,NULL,NULL,1),(4202,47,11,5,'N','N','N','S','N','N','ATIVO',1,'2020-03-26','21:00:43','191.17.177.212',1,NULL,NULL,NULL,NULL,NULL,NULL,NULL,NULL,NULL,NULL,1),(4203,55,11,141,'N','S','N','S','N','N','ATIVO',50,'2020-03-26','21:05:46','191.17.177.212',7,NULL,NULL,NULL,NULL,NULL,NULL,NULL,NULL,NULL,NULL,1),(4204,55,11,5,'N','N','N','S','N','N','ATIVO',50,'2020-03-26','21:05:46','191.17.177.212',7,NULL,NULL,NULL,NULL,NULL,NULL,NULL,NULL,NULL,NULL,1),(5374,63,13,90,'S','S','S','S','N','N','ATIVO',13,'2020-05-13','10:18:28','177.95.253.61',1,NULL,NULL,NULL,NULL,NULL,NULL,NULL,NULL,NULL,NULL,1),(5375,63,13,91,'N','S','S','S','N','N','ATIVO',13,'2020-05-13','10:18:28','177.95.253.61',1,NULL,NULL,NULL,NULL,NULL,NULL,NULL,NULL,NULL,NULL,1),(5376,63,13,129,'S','S','S','S','N','N','ATIVO',13,'2020-05-13','10:18:28','177.95.253.61',1,NULL,NULL,NULL,NULL,NULL,NULL,NULL,NULL,NULL,NULL,1),(5377,63,13,122,'S','S','S','S','N','N','ATIVO',13,'2020-05-13','10:18:28','177.95.253.61',1,NULL,NULL,NULL,NULL,NULL,NULL,NULL,NULL,NULL,NULL,1),(5378,63,13,128,'N','N','N','N','N','N','ATIVO',13,'2020-05-13','10:18:28','177.95.253.61',1,NULL,NULL,NULL,NULL,NULL,NULL,NULL,NULL,NULL,NULL,1),(5379,63,13,132,'S','S','S','S','N','N','ATIVO',13,'2020-05-13','10:18:28','177.95.253.61',1,NULL,NULL,NULL,NULL,NULL,NULL,NULL,NULL,NULL,NULL,1),(5380,63,13,109,'N','N','N','N','N','N','ATIVO',13,'2020-05-13','10:18:28','177.95.253.61',1,NULL,NULL,NULL,NULL,NULL,NULL,NULL,NULL,NULL,NULL,1),(5381,63,13,143,'N','N','N','S','N','N','ATIVO',13,'2020-05-13','10:18:28','177.95.253.61',1,NULL,NULL,NULL,NULL,NULL,NULL,NULL,NULL,NULL,NULL,1),(5382,63,13,121,'N','N','N','S','N','N','ATIVO',13,'2020-05-13','10:18:28','177.95.253.61',1,NULL,NULL,NULL,NULL,NULL,NULL,NULL,NULL,NULL,NULL,1),(5383,63,13,114,'S','S','S','S','N','N','ATIVO',13,'2020-05-13','10:18:28','177.95.253.61',1,NULL,NULL,NULL,NULL,NULL,NULL,NULL,NULL,NULL,NULL,1),(5384,63,13,92,'N','S','S','S','N','N','ATIVO',13,'2020-05-13','10:18:28','177.95.253.61',1,NULL,NULL,NULL,NULL,NULL,NULL,NULL,NULL,NULL,NULL,1),(5385,63,13,134,'S','S','S','S','N','N','ATIVO',13,'2020-05-13','10:18:28','177.95.253.61',1,NULL,NULL,NULL,NULL,NULL,NULL,NULL,NULL,NULL,NULL,1),(5386,63,13,120,'S','S','S','S','N','N','ATIVO',13,'2020-05-13','10:18:28','177.95.253.61',1,NULL,NULL,NULL,NULL,NULL,NULL,NULL,NULL,NULL,NULL,1),(5505,65,25,91,'N','S','S','S','N','N','ATIVO',11,'2020-05-16','08:43:10','45.172.119.237',7,NULL,NULL,NULL,NULL,NULL,NULL,NULL,NULL,NULL,NULL,1),(5506,65,25,129,'S','S','S','S','N','N','ATIVO',11,'2020-05-16','08:43:10','45.172.119.237',7,NULL,NULL,NULL,NULL,NULL,NULL,NULL,NULL,NULL,NULL,1),(5507,65,25,122,'S','S','S','S','N','N','ATIVO',11,'2020-05-16','08:43:10','45.172.119.237',7,NULL,NULL,NULL,NULL,NULL,NULL,NULL,NULL,NULL,NULL,1),(5508,65,25,128,'N','N','N','N','N','N','ATIVO',11,'2020-05-16','08:43:10','45.172.119.237',7,NULL,NULL,NULL,NULL,NULL,NULL,NULL,NULL,NULL,NULL,1),(5509,65,25,132,'S','S','S','S','N','N','ATIVO',11,'2020-05-16','08:43:10','45.172.119.237',7,NULL,NULL,NULL,NULL,NULL,NULL,NULL,NULL,NULL,NULL,1),(5510,65,25,138,'N','S','N','S','N','N','ATIVO',11,'2020-05-16','08:43:10','45.172.119.237',7,NULL,NULL,NULL,NULL,NULL,NULL,NULL,NULL,NULL,NULL,1),(5511,65,25,121,'N','S','S','S','N','N','ATIVO',11,'2020-05-16','08:43:10','45.172.119.237',7,NULL,NULL,NULL,NULL,NULL,NULL,NULL,NULL,NULL,NULL,1),(5512,65,25,92,'N','S','S','S','N','N','ATIVO',11,'2020-05-16','08:43:10','45.172.119.237',7,NULL,NULL,NULL,NULL,NULL,NULL,NULL,NULL,NULL,NULL,1),(5513,65,25,134,'S','S','S','S','N','N','ATIVO',11,'2020-05-16','08:43:10','45.172.119.237',7,NULL,NULL,NULL,NULL,NULL,NULL,NULL,NULL,NULL,NULL,1),(5514,65,25,120,'S','S','S','S','N','N','ATIVO',11,'2020-05-16','08:43:10','45.172.119.237',7,NULL,NULL,NULL,NULL,NULL,NULL,NULL,NULL,NULL,NULL,1),(5749,56,24,142,'S','S','S','S','N','N','ATIVO',13,'2020-05-16','09:57:32','45.172.119.237',1,NULL,NULL,NULL,NULL,NULL,NULL,NULL,NULL,NULL,NULL,1),(5920,33,15,125,'N','S','N','S','N','N','ATIVO',13,'2020-05-16','09:58:49','45.172.119.237',1,NULL,NULL,NULL,NULL,NULL,NULL,NULL,NULL,NULL,NULL,1),(5921,54,15,125,'N','S','N','S','N','N','ATIVO',13,'2020-05-16','09:58:49','45.172.119.237',1,NULL,NULL,NULL,NULL,NULL,NULL,NULL,NULL,NULL,NULL,1),(6115,69,26,91,'N','S','S','S','N','N','ATIVO',1,'2020-06-08','14:25:07','189.112.142.114',1,NULL,NULL,NULL,NULL,NULL,NULL,NULL,NULL,NULL,NULL,1),(6116,69,26,129,'S','S','S','S','N','N','ATIVO',1,'2020-06-08','14:25:07','189.112.142.114',1,NULL,NULL,NULL,NULL,NULL,NULL,NULL,NULL,NULL,NULL,1),(6117,69,26,148,'N','N','N','S','N','N','ATIVO',1,'2020-06-08','14:25:07','189.112.142.114',1,NULL,NULL,NULL,NULL,NULL,NULL,NULL,NULL,NULL,NULL,1),(6118,69,26,109,'N','N','N','N','N','N','ATIVO',1,'2020-06-08','14:25:07','189.112.142.114',1,NULL,NULL,NULL,NULL,NULL,NULL,NULL,NULL,NULL,NULL,1),(6119,69,26,143,'N','N','N','S','N','N','ATIVO',1,'2020-06-08','14:25:07','189.112.142.114',1,NULL,NULL,NULL,NULL,NULL,NULL,NULL,NULL,NULL,NULL,1),(6120,69,26,121,'N','S','S','S','N','N','ATIVO',1,'2020-06-08','14:25:07','189.112.142.114',1,NULL,NULL,NULL,NULL,NULL,NULL,NULL,NULL,NULL,NULL,1),(6121,69,26,92,'N','S','S','S','N','N','ATIVO',1,'2020-06-08','14:25:07','189.112.142.114',1,NULL,NULL,NULL,NULL,NULL,NULL,NULL,NULL,NULL,NULL,1),(6122,69,26,134,'S','S','S','S','N','N','ATIVO',1,'2020-06-08','14:25:07','189.112.142.114',1,NULL,NULL,NULL,NULL,NULL,NULL,NULL,NULL,NULL,NULL,1),(6123,69,26,120,'S','S','S','S','N','N','ATIVO',1,'2020-06-08','14:25:07','189.112.142.114',1,NULL,NULL,NULL,NULL,NULL,NULL,NULL,NULL,NULL,NULL,1),(6230,34,12,110,'N','N','N','N','N','N','ATIVO',1,'2020-06-08','14:25:37','189.112.142.114',1,NULL,NULL,NULL,NULL,NULL,NULL,NULL,NULL,NULL,NULL,1),(6231,34,12,90,'S','S','S','S','N','N','ATIVO',1,'2020-06-08','14:25:37','189.112.142.114',1,NULL,NULL,NULL,NULL,NULL,NULL,NULL,NULL,NULL,NULL,1),(6232,34,12,91,'N','S','S','S','N','N','ATIVO',1,'2020-06-08','14:25:37','189.112.142.114',1,NULL,NULL,NULL,NULL,NULL,NULL,NULL,NULL,NULL,NULL,1),(6233,34,12,129,'S','S','S','S','N','N','ATIVO',1,'2020-06-08','14:25:37','189.112.142.114',1,NULL,NULL,NULL,NULL,NULL,NULL,NULL,NULL,NULL,NULL,1),(6234,34,12,122,'S','S','S','S','N','N','ATIVO',1,'2020-06-08','14:25:37','189.112.142.114',1,NULL,NULL,NULL,NULL,NULL,NULL,NULL,NULL,NULL,NULL,1),(6235,34,12,128,'N','N','N','N','N','N','ATIVO',1,'2020-06-08','14:25:37','189.112.142.114',1,NULL,NULL,NULL,NULL,NULL,NULL,NULL,NULL,NULL,NULL,1),(6236,34,12,132,'S','S','S','S','N','N','ATIVO',1,'2020-06-08','14:25:37','189.112.142.114',1,NULL,NULL,NULL,NULL,NULL,NULL,NULL,NULL,NULL,NULL,1),(6237,34,12,116,'N','N','N','S','N','N','ATIVO',1,'2020-06-08','14:25:37','189.112.142.114',1,NULL,NULL,NULL,NULL,NULL,NULL,NULL,NULL,NULL,NULL,1),(6238,34,12,148,'N','N','N','S','N','N','ATIVO',1,'2020-06-08','14:25:37','189.112.142.114',1,NULL,NULL,NULL,NULL,NULL,NULL,NULL,NULL,NULL,NULL,1),(6239,34,12,109,'N','N','N','N','N','N','ATIVO',1,'2020-06-08','14:25:37','189.112.142.114',1,NULL,NULL,NULL,NULL,NULL,NULL,NULL,NULL,NULL,NULL,1),(6240,34,12,143,'N','N','N','S','N','N','ATIVO',1,'2020-06-08','14:25:37','189.112.142.114',1,NULL,NULL,NULL,NULL,NULL,NULL,NULL,NULL,NULL,NULL,1),(6241,34,12,121,'N','S','N','S','N','N','ATIVO',1,'2020-06-08','14:25:37','189.112.142.114',1,NULL,NULL,NULL,NULL,NULL,NULL,NULL,NULL,NULL,NULL,1),(6242,34,12,92,'N','S','S','S','N','N','ATIVO',1,'2020-06-08','14:25:37','189.112.142.114',1,NULL,NULL,NULL,NULL,NULL,NULL,NULL,NULL,NULL,NULL,1),(6243,34,12,134,'S','S','S','S','N','N','ATIVO',1,'2020-06-08','14:25:37','189.112.142.114',1,NULL,NULL,NULL,NULL,NULL,NULL,NULL,NULL,NULL,NULL,1),(6244,34,12,120,'S','S','S','S','N','N','ATIVO',1,'2020-06-08','14:25:37','189.112.142.114',1,NULL,NULL,NULL,NULL,NULL,NULL,NULL,NULL,NULL,NULL,1),(6245,67,12,110,'N','N','N','N','N','N','ATIVO',1,'2020-06-08','14:25:37','189.112.142.114',1,NULL,NULL,NULL,NULL,NULL,NULL,NULL,NULL,NULL,NULL,1),(6246,67,12,90,'S','S','S','S','N','N','ATIVO',1,'2020-06-08','14:25:37','189.112.142.114',1,NULL,NULL,NULL,NULL,NULL,NULL,NULL,NULL,NULL,NULL,1),(6247,67,12,91,'N','S','S','S','N','N','ATIVO',1,'2020-06-08','14:25:37','189.112.142.114',1,NULL,NULL,NULL,NULL,NULL,NULL,NULL,NULL,NULL,NULL,1),(6248,67,12,129,'S','S','S','S','N','N','ATIVO',1,'2020-06-08','14:25:37','189.112.142.114',1,NULL,NULL,NULL,NULL,NULL,NULL,NULL,NULL,NULL,NULL,1),(6249,67,12,122,'S','S','S','S','N','N','ATIVO',1,'2020-06-08','14:25:37','189.112.142.114',1,NULL,NULL,NULL,NULL,NULL,NULL,NULL,NULL,NULL,NULL,1),(6250,67,12,128,'N','N','N','N','N','N','ATIVO',1,'2020-06-08','14:25:37','189.112.142.114',1,NULL,NULL,NULL,NULL,NULL,NULL,NULL,NULL,NULL,NULL,1),(6251,67,12,132,'S','S','S','S','N','N','ATIVO',1,'2020-06-08','14:25:37','189.112.142.114',1,NULL,NULL,NULL,NULL,NULL,NULL,NULL,NULL,NULL,NULL,1),(6252,67,12,116,'N','N','N','S','N','N','ATIVO',1,'2020-06-08','14:25:37','189.112.142.114',1,NULL,NULL,NULL,NULL,NULL,NULL,NULL,NULL,NULL,NULL,1),(6253,67,12,148,'N','N','N','S','N','N','ATIVO',1,'2020-06-08','14:25:37','189.112.142.114',1,NULL,NULL,NULL,NULL,NULL,NULL,NULL,NULL,NULL,NULL,1),(6254,67,12,109,'N','N','N','N','N','N','ATIVO',1,'2020-06-08','14:25:37','189.112.142.114',1,NULL,NULL,NULL,NULL,NULL,NULL,NULL,NULL,NULL,NULL,1),(6255,67,12,143,'N','N','N','S','N','N','ATIVO',1,'2020-06-08','14:25:37','189.112.142.114',1,NULL,NULL,NULL,NULL,NULL,NULL,NULL,NULL,NULL,NULL,1),(6256,67,12,121,'N','S','N','S','N','N','ATIVO',1,'2020-06-08','14:25:37','189.112.142.114',1,NULL,NULL,NULL,NULL,NULL,NULL,NULL,NULL,NULL,NULL,1),(6257,67,12,92,'N','S','S','S','N','N','ATIVO',1,'2020-06-08','14:25:37','189.112.142.114',1,NULL,NULL,NULL,NULL,NULL,NULL,NULL,NULL,NULL,NULL,1),(6258,67,12,134,'S','S','S','S','N','N','ATIVO',1,'2020-06-08','14:25:37','189.112.142.114',1,NULL,NULL,NULL,NULL,NULL,NULL,NULL,NULL,NULL,NULL,1),(6259,67,12,120,'S','S','S','S','N','N','ATIVO',1,'2020-06-08','14:25:37','189.112.142.114',1,NULL,NULL,NULL,NULL,NULL,NULL,NULL,NULL,NULL,NULL,1),(6272,41,22,91,'N','S','S','S','N','N','ATIVO',13,'2020-06-08','14:46:15','177.94.155.7',1,NULL,NULL,NULL,NULL,NULL,NULL,NULL,NULL,NULL,NULL,1),(6273,41,22,129,'S','S','S','S','N','N','ATIVO',13,'2020-06-08','14:46:15','177.94.155.7',1,NULL,NULL,NULL,NULL,NULL,NULL,NULL,NULL,NULL,NULL,1),(6274,41,22,148,'N','N','N','S','N','N','ATIVO',13,'2020-06-08','14:46:15','177.94.155.7',1,NULL,NULL,NULL,NULL,NULL,NULL,NULL,NULL,NULL,NULL,1),(6275,41,22,109,'N','N','N','N','N','N','ATIVO',13,'2020-06-08','14:46:15','177.94.155.7',1,NULL,NULL,NULL,NULL,NULL,NULL,NULL,NULL,NULL,NULL,1),(6276,41,22,143,'N','N','N','S','N','N','ATIVO',13,'2020-06-08','14:46:15','177.94.155.7',1,NULL,NULL,NULL,NULL,NULL,NULL,NULL,NULL,NULL,NULL,1),(6277,41,22,121,'N','S','S','S','N','N','ATIVO',13,'2020-06-08','14:46:15','177.94.155.7',1,NULL,NULL,NULL,NULL,NULL,NULL,NULL,NULL,NULL,NULL,1),(6278,41,22,92,'N','S','S','S','N','N','ATIVO',13,'2020-06-08','14:46:15','177.94.155.7',1,NULL,NULL,NULL,NULL,NULL,NULL,NULL,NULL,NULL,NULL,1),(6279,41,22,134,'S','S','N','S','N','N','ATIVO',13,'2020-06-08','14:46:15','177.94.155.7',1,NULL,NULL,NULL,NULL,NULL,NULL,NULL,NULL,NULL,NULL,1),(6280,41,22,120,'S','S','N','S','N','N','ATIVO',13,'2020-06-08','14:46:15','177.94.155.7',1,NULL,NULL,NULL,NULL,NULL,NULL,NULL,NULL,NULL,NULL,1),(6281,42,22,91,'N','S','S','S','N','N','ATIVO',13,'2020-06-08','14:46:15','177.94.155.7',1,NULL,NULL,NULL,NULL,NULL,NULL,NULL,NULL,NULL,NULL,1),(6282,42,22,129,'S','S','S','S','N','N','ATIVO',13,'2020-06-08','14:46:15','177.94.155.7',1,NULL,NULL,NULL,NULL,NULL,NULL,NULL,NULL,NULL,NULL,1),(6283,42,22,148,'N','N','N','S','N','N','ATIVO',13,'2020-06-08','14:46:15','177.94.155.7',1,NULL,NULL,NULL,NULL,NULL,NULL,NULL,NULL,NULL,NULL,1),(6284,42,22,109,'N','N','N','N','N','N','ATIVO',13,'2020-06-08','14:46:15','177.94.155.7',1,NULL,NULL,NULL,NULL,NULL,NULL,NULL,NULL,NULL,NULL,1),(6285,42,22,143,'N','N','N','S','N','N','ATIVO',13,'2020-06-08','14:46:15','177.94.155.7',1,NULL,NULL,NULL,NULL,NULL,NULL,NULL,NULL,NULL,NULL,1),(6286,42,22,121,'N','S','S','S','N','N','ATIVO',13,'2020-06-08','14:46:15','177.94.155.7',1,NULL,NULL,NULL,NULL,NULL,NULL,NULL,NULL,NULL,NULL,1),(6287,42,22,92,'N','S','S','S','N','N','ATIVO',13,'2020-06-08','14:46:15','177.94.155.7',1,NULL,NULL,NULL,NULL,NULL,NULL,NULL,NULL,NULL,NULL,1),(6288,42,22,134,'S','S','N','S','N','N','ATIVO',13,'2020-06-08','14:46:15','177.94.155.7',1,NULL,NULL,NULL,NULL,NULL,NULL,NULL,NULL,NULL,NULL,1),(6289,42,22,120,'S','S','N','S','N','N','ATIVO',13,'2020-06-08','14:46:15','177.94.155.7',1,NULL,NULL,NULL,NULL,NULL,NULL,NULL,NULL,NULL,NULL,1),(6299,60,22,91,'N','S','S','S','N','N','ATIVO',13,'2020-06-08','14:46:15','177.94.155.7',1,NULL,NULL,NULL,NULL,NULL,NULL,NULL,NULL,NULL,NULL,1),(6300,60,22,129,'S','S','S','S','N','N','ATIVO',13,'2020-06-08','14:46:15','177.94.155.7',1,NULL,NULL,NULL,NULL,NULL,NULL,NULL,NULL,NULL,NULL,1),(6301,60,22,148,'N','N','N','S','N','N','ATIVO',13,'2020-06-08','14:46:15','177.94.155.7',1,NULL,NULL,NULL,NULL,NULL,NULL,NULL,NULL,NULL,NULL,1),(6302,60,22,109,'N','N','N','N','N','N','ATIVO',13,'2020-06-08','14:46:15','177.94.155.7',1,NULL,NULL,NULL,NULL,NULL,NULL,NULL,NULL,NULL,NULL,1),(6303,60,22,143,'N','N','N','S','N','N','ATIVO',13,'2020-06-08','14:46:15','177.94.155.7',1,NULL,NULL,NULL,NULL,NULL,NULL,NULL,NULL,NULL,NULL,1),(6304,60,22,121,'N','S','S','S','N','N','ATIVO',13,'2020-06-08','14:46:15','177.94.155.7',1,NULL,NULL,NULL,NULL,NULL,NULL,NULL,NULL,NULL,NULL,1),(6305,60,22,92,'N','S','S','S','N','N','ATIVO',13,'2020-06-08','14:46:15','177.94.155.7',1,NULL,NULL,NULL,NULL,NULL,NULL,NULL,NULL,NULL,NULL,1),(6306,60,22,134,'S','S','N','S','N','N','ATIVO',13,'2020-06-08','14:46:15','177.94.155.7',1,NULL,NULL,NULL,NULL,NULL,NULL,NULL,NULL,NULL,NULL,1),(6307,60,22,120,'S','S','N','S','N','N','ATIVO',13,'2020-06-08','14:46:15','177.94.155.7',1,NULL,NULL,NULL,NULL,NULL,NULL,NULL,NULL,NULL,NULL,1),(6381,71,13,90,'S','S','S','S','N','N','ATIVO',13,'2020-07-14','13:35:47','177.68.173.161',1,NULL,NULL,NULL,NULL,NULL,NULL,NULL,NULL,NULL,NULL,1),(6382,71,13,91,'N','S','S','S','N','N','ATIVO',13,'2020-07-14','13:35:47','177.68.173.161',1,NULL,NULL,NULL,NULL,NULL,NULL,NULL,NULL,NULL,NULL,1),(6383,71,13,129,'S','S','S','S','N','N','ATIVO',13,'2020-07-14','13:35:47','177.68.173.161',1,NULL,NULL,NULL,NULL,NULL,NULL,NULL,NULL,NULL,NULL,1),(6384,71,13,122,'S','S','S','S','N','N','ATIVO',13,'2020-07-14','13:35:47','177.68.173.161',1,NULL,NULL,NULL,NULL,NULL,NULL,NULL,NULL,NULL,NULL,1),(6385,71,13,128,'N','N','N','N','N','N','ATIVO',13,'2020-07-14','13:35:47','177.68.173.161',1,NULL,NULL,NULL,NULL,NULL,NULL,NULL,NULL,NULL,NULL,1),(6386,71,13,132,'S','S','S','S','N','N','ATIVO',13,'2020-07-14','13:35:47','177.68.173.161',1,NULL,NULL,NULL,NULL,NULL,NULL,NULL,NULL,NULL,NULL,1),(6387,71,13,148,'N','N','N','S','N','N','ATIVO',13,'2020-07-14','13:35:47','177.68.173.161',1,NULL,NULL,NULL,NULL,NULL,NULL,NULL,NULL,NULL,NULL,1),(6388,71,13,109,'N','N','N','N','N','N','ATIVO',13,'2020-07-14','13:35:47','177.68.173.161',1,NULL,NULL,NULL,NULL,NULL,NULL,NULL,NULL,NULL,NULL,1),(6389,71,13,143,'N','N','N','S','N','N','ATIVO',13,'2020-07-14','13:35:47','177.68.173.161',1,NULL,NULL,NULL,NULL,NULL,NULL,NULL,NULL,NULL,NULL,1),(6390,71,13,121,'N','N','N','S','N','N','ATIVO',13,'2020-07-14','13:35:47','177.68.173.161',1,NULL,NULL,NULL,NULL,NULL,NULL,NULL,NULL,NULL,NULL,1),(6391,71,13,92,'N','S','S','S','N','N','ATIVO',13,'2020-07-14','13:35:47','177.68.173.161',1,NULL,NULL,NULL,NULL,NULL,NULL,NULL,NULL,NULL,NULL,1),(6392,71,13,134,'S','S','S','S','N','N','ATIVO',13,'2020-07-14','13:35:47','177.68.173.161',1,NULL,NULL,NULL,NULL,NULL,NULL,NULL,NULL,NULL,NULL,1),(6393,71,13,120,'S','S','S','S','N','N','ATIVO',13,'2020-07-14','13:35:47','177.68.173.161',1,NULL,NULL,NULL,NULL,NULL,NULL,NULL,NULL,NULL,NULL,1),(6394,72,26,91,'N','S','S','S','N','N','ATIVO',11,'2020-07-14','13:50:19','177.68.173.161',7,NULL,NULL,NULL,NULL,NULL,NULL,NULL,NULL,NULL,NULL,1),(6395,72,26,129,'S','S','S','S','N','N','ATIVO',11,'2020-07-14','13:50:19','177.68.173.161',7,NULL,NULL,NULL,NULL,NULL,NULL,NULL,NULL,NULL,NULL,1),(6396,72,26,148,'N','N','N','S','N','N','ATIVO',11,'2020-07-14','13:50:19','177.68.173.161',7,NULL,NULL,NULL,NULL,NULL,NULL,NULL,NULL,NULL,NULL,1),(6397,72,26,109,'N','N','N','N','N','N','ATIVO',11,'2020-07-14','13:50:19','177.68.173.161',7,NULL,NULL,NULL,NULL,NULL,NULL,NULL,NULL,NULL,NULL,1),(6398,72,26,143,'N','N','N','S','N','N','ATIVO',11,'2020-07-14','13:50:19','177.68.173.161',7,NULL,NULL,NULL,NULL,NULL,NULL,NULL,NULL,NULL,NULL,1),(6399,72,26,121,'N','S','S','S','N','N','ATIVO',11,'2020-07-14','13:50:19','177.68.173.161',7,NULL,NULL,NULL,NULL,NULL,NULL,NULL,NULL,NULL,NULL,1),(6400,72,26,92,'N','S','S','S','N','N','ATIVO',11,'2020-07-14','13:50:19','177.68.173.161',7,NULL,NULL,NULL,NULL,NULL,NULL,NULL,NULL,NULL,NULL,1),(6401,72,26,134,'S','S','S','S','N','N','ATIVO',11,'2020-07-14','13:50:19','177.68.173.161',7,NULL,NULL,NULL,NULL,NULL,NULL,NULL,NULL,NULL,NULL,1),(6402,72,26,120,'S','S','S','S','N','N','ATIVO',11,'2020-07-14','13:50:19','177.68.173.161',7,NULL,NULL,NULL,NULL,NULL,NULL,NULL,NULL,NULL,NULL,1),(6403,50,25,90,'S','S','S','S','N','N','ATIVO',13,'2020-07-14','13:58:23','177.68.173.161',1,NULL,NULL,NULL,NULL,NULL,NULL,NULL,NULL,NULL,NULL,1),(6404,50,25,91,'N','S','S','S','N','N','ATIVO',13,'2020-07-14','13:58:23','177.68.173.161',1,NULL,NULL,NULL,NULL,NULL,NULL,NULL,NULL,NULL,NULL,1),(6405,50,25,129,'S','S','S','S','N','N','ATIVO',13,'2020-07-14','13:58:23','177.68.173.161',1,NULL,NULL,NULL,NULL,NULL,NULL,NULL,NULL,NULL,NULL,1),(6406,50,25,122,'S','S','S','S','N','N','ATIVO',13,'2020-07-14','13:58:23','177.68.173.161',1,NULL,NULL,NULL,NULL,NULL,NULL,NULL,NULL,NULL,NULL,1),(6407,50,25,128,'N','N','N','N','N','N','ATIVO',13,'2020-07-14','13:58:23','177.68.173.161',1,NULL,NULL,NULL,NULL,NULL,NULL,NULL,NULL,NULL,NULL,1),(6408,50,25,132,'S','S','S','S','N','N','ATIVO',13,'2020-07-14','13:58:23','177.68.173.161',1,NULL,NULL,NULL,NULL,NULL,NULL,NULL,NULL,NULL,NULL,1),(6409,50,25,148,'N','N','N','S','N','N','ATIVO',13,'2020-07-14','13:58:23','177.68.173.161',1,NULL,NULL,NULL,NULL,NULL,NULL,NULL,NULL,NULL,NULL,1),(6410,50,25,109,'N','N','N','N','N','N','ATIVO',13,'2020-07-14','13:58:23','177.68.173.161',1,NULL,NULL,NULL,NULL,NULL,NULL,NULL,NULL,NULL,NULL,1),(6411,50,25,143,'N','N','N','S','N','N','ATIVO',13,'2020-07-14','13:58:23','177.68.173.161',1,NULL,NULL,NULL,NULL,NULL,NULL,NULL,NULL,NULL,NULL,1),(6412,50,25,121,'N','S','S','S','N','N','ATIVO',13,'2020-07-14','13:58:23','177.68.173.161',1,NULL,NULL,NULL,NULL,NULL,NULL,NULL,NULL,NULL,NULL,1),(6413,50,25,114,'S','S','S','S','N','N','ATIVO',13,'2020-07-14','13:58:23','177.68.173.161',1,NULL,NULL,NULL,NULL,NULL,NULL,NULL,NULL,NULL,NULL,1),(6414,50,25,92,'N','S','S','S','N','N','ATIVO',13,'2020-07-14','13:58:23','177.68.173.161',1,NULL,NULL,NULL,NULL,NULL,NULL,NULL,NULL,NULL,NULL,1),(6415,50,25,134,'S','S','S','S','N','N','ATIVO',13,'2020-07-14','13:58:23','177.68.173.161',1,NULL,NULL,NULL,NULL,NULL,NULL,NULL,NULL,NULL,NULL,1),(6416,50,25,120,'S','S','S','S','N','N','ATIVO',13,'2020-07-14','13:58:23','177.68.173.161',1,NULL,NULL,NULL,NULL,NULL,NULL,NULL,NULL,NULL,NULL,1),(6417,50,25,147,'S','S','S','S','N','N','ATIVO',13,'2020-07-14','13:58:23','177.68.173.161',1,NULL,NULL,NULL,NULL,NULL,NULL,NULL,NULL,NULL,NULL,1),(6418,73,25,90,'S','S','S','S','N','N','ATIVO',13,'2020-07-14','14:00:02','177.68.173.161',1,NULL,NULL,NULL,NULL,NULL,NULL,NULL,NULL,NULL,NULL,1),(6419,73,25,91,'N','S','S','S','N','N','ATIVO',13,'2020-07-14','14:00:02','177.68.173.161',1,NULL,NULL,NULL,NULL,NULL,NULL,NULL,NULL,NULL,NULL,1),(6420,73,25,129,'S','S','S','S','N','N','ATIVO',13,'2020-07-14','14:00:02','177.68.173.161',1,NULL,NULL,NULL,NULL,NULL,NULL,NULL,NULL,NULL,NULL,1),(6421,73,25,122,'S','S','S','S','N','N','ATIVO',13,'2020-07-14','14:00:02','177.68.173.161',1,NULL,NULL,NULL,NULL,NULL,NULL,NULL,NULL,NULL,NULL,1),(6422,73,25,128,'N','N','N','N','N','N','ATIVO',13,'2020-07-14','14:00:02','177.68.173.161',1,NULL,NULL,NULL,NULL,NULL,NULL,NULL,NULL,NULL,NULL,1),(6423,73,25,132,'S','S','S','S','N','N','ATIVO',13,'2020-07-14','14:00:02','177.68.173.161',1,NULL,NULL,NULL,NULL,NULL,NULL,NULL,NULL,NULL,NULL,1),(6424,73,25,148,'N','N','N','S','N','N','ATIVO',13,'2020-07-14','14:00:02','177.68.173.161',1,NULL,NULL,NULL,NULL,NULL,NULL,NULL,NULL,NULL,NULL,1),(6425,73,25,109,'N','N','N','N','N','N','ATIVO',13,'2020-07-14','14:00:02','177.68.173.161',1,NULL,NULL,NULL,NULL,NULL,NULL,NULL,NULL,NULL,NULL,1),(6426,73,25,143,'N','N','N','S','N','N','ATIVO',13,'2020-07-14','14:00:02','177.68.173.161',1,NULL,NULL,NULL,NULL,NULL,NULL,NULL,NULL,NULL,NULL,1),(6427,73,25,121,'N','S','S','S','N','N','ATIVO',13,'2020-07-14','14:00:02','177.68.173.161',1,NULL,NULL,NULL,NULL,NULL,NULL,NULL,NULL,NULL,NULL,1),(6428,73,25,114,'S','S','S','S','N','N','ATIVO',13,'2020-07-14','14:00:02','177.68.173.161',1,NULL,NULL,NULL,NULL,NULL,NULL,NULL,NULL,NULL,NULL,1),(6429,73,25,92,'N','S','S','S','N','N','ATIVO',13,'2020-07-14','14:00:02','177.68.173.161',1,NULL,NULL,NULL,NULL,NULL,NULL,NULL,NULL,NULL,NULL,1),(6430,73,25,134,'S','S','S','S','N','N','ATIVO',13,'2020-07-14','14:00:02','177.68.173.161',1,NULL,NULL,NULL,NULL,NULL,NULL,NULL,NULL,NULL,NULL,1),(6431,73,25,120,'S','S','S','S','N','N','ATIVO',13,'2020-07-14','14:00:02','177.68.173.161',1,NULL,NULL,NULL,NULL,NULL,NULL,NULL,NULL,NULL,NULL,1),(6432,73,25,147,'S','S','S','S','N','N','ATIVO',13,'2020-07-14','14:00:02','177.68.173.161',1,NULL,NULL,NULL,NULL,NULL,NULL,NULL,NULL,NULL,NULL,1),(6433,43,21,58,'N','N','N','N','N','N','ATIVO',13,'2020-07-14','14:06:12','177.68.173.161',1,NULL,NULL,NULL,NULL,NULL,NULL,NULL,NULL,NULL,NULL,1),(6434,43,21,35,'S','S','N','S','N','N','ATIVO',13,'2020-07-14','14:06:12','177.68.173.161',1,NULL,NULL,NULL,NULL,NULL,NULL,NULL,NULL,NULL,NULL,1),(6435,43,21,38,'N','S','N','S','N','N','ATIVO',13,'2020-07-14','14:06:12','177.68.173.161',1,NULL,NULL,NULL,NULL,NULL,NULL,NULL,NULL,NULL,NULL,1),(6436,43,21,133,'N','N','N','N','N','N','ATIVO',13,'2020-07-14','14:06:12','177.68.173.161',1,NULL,NULL,NULL,NULL,NULL,NULL,NULL,NULL,NULL,NULL,1),(6437,43,21,127,'N','N','N','N','N','N','ATIVO',13,'2020-07-14','14:06:12','177.68.173.161',1,NULL,NULL,NULL,NULL,NULL,NULL,NULL,NULL,NULL,NULL,1),(6438,43,21,149,'N','N','N','N','N','N','ATIVO',13,'2020-07-14','14:06:12','177.68.173.161',1,NULL,NULL,NULL,NULL,NULL,NULL,NULL,NULL,NULL,NULL,1),(6439,43,21,131,'S','S','S','S','N','N','ATIVO',13,'2020-07-14','14:06:12','177.68.173.161',1,NULL,NULL,NULL,NULL,NULL,NULL,NULL,NULL,NULL,NULL,1),(6440,43,21,89,'S','S','N','S','N','N','ATIVO',13,'2020-07-14','14:06:12','177.68.173.161',1,NULL,NULL,NULL,NULL,NULL,NULL,NULL,NULL,NULL,NULL,1),(6441,43,21,88,'S','S','N','S','N','N','ATIVO',13,'2020-07-14','14:06:12','177.68.173.161',1,NULL,NULL,NULL,NULL,NULL,NULL,NULL,NULL,NULL,NULL,1),(6442,43,21,142,'S','S','N','S','N','N','ATIVO',13,'2020-07-14','14:06:12','177.68.173.161',1,NULL,NULL,NULL,NULL,NULL,NULL,NULL,NULL,NULL,NULL,1),(6443,43,21,65,'S','S','S','S','N','N','ATIVO',13,'2020-07-14','14:06:12','177.68.173.161',1,NULL,NULL,NULL,NULL,NULL,NULL,NULL,NULL,NULL,NULL,1),(6444,43,21,56,'N','N','N','N','N','N','ATIVO',13,'2020-07-14','14:06:12','177.68.173.161',1,NULL,NULL,NULL,NULL,NULL,NULL,NULL,NULL,NULL,NULL,1),(6445,43,21,136,'N','N','N','S','N','N','ATIVO',13,'2020-07-14','14:06:12','177.68.173.161',1,NULL,NULL,NULL,NULL,NULL,NULL,NULL,NULL,NULL,NULL,1),(6446,43,21,130,'N','N','N','S','N','N','ATIVO',13,'2020-07-14','14:06:12','177.68.173.161',1,NULL,NULL,NULL,NULL,NULL,NULL,NULL,NULL,NULL,NULL,1),(6447,43,21,118,'N','N','N','S','N','N','ATIVO',13,'2020-07-14','14:06:12','177.68.173.161',1,NULL,NULL,NULL,NULL,NULL,NULL,NULL,NULL,NULL,NULL,1),(6448,43,21,144,'N','S','S','S','N','N','ATIVO',13,'2020-07-14','14:06:12','177.68.173.161',1,NULL,NULL,NULL,NULL,NULL,NULL,NULL,NULL,NULL,NULL,1),(6449,43,21,78,'S','S','S','S','N','N','ATIVO',13,'2020-07-14','14:06:12','177.68.173.161',1,NULL,NULL,NULL,NULL,NULL,NULL,NULL,NULL,NULL,NULL,1),(6450,43,21,77,'S','S','S','S','N','N','ATIVO',13,'2020-07-14','14:06:12','177.68.173.161',1,NULL,NULL,NULL,NULL,NULL,NULL,NULL,NULL,NULL,NULL,1),(6451,43,21,39,'N','S','S','S','N','N','ATIVO',13,'2020-07-14','14:06:12','177.68.173.161',1,NULL,NULL,NULL,NULL,NULL,NULL,NULL,NULL,NULL,NULL,1),(6452,43,21,135,'S','S','N','S','N','N','ATIVO',13,'2020-07-14','14:06:12','177.68.173.161',1,NULL,NULL,NULL,NULL,NULL,NULL,NULL,NULL,NULL,NULL,1),(6453,43,21,146,'N','S','N','S','N','N','ATIVO',13,'2020-07-14','14:06:12','177.68.173.161',1,NULL,NULL,NULL,NULL,NULL,NULL,NULL,NULL,NULL,NULL,1),(6454,49,21,58,'N','N','N','N','N','N','ATIVO',13,'2020-07-14','14:06:12','177.68.173.161',1,NULL,NULL,NULL,NULL,NULL,NULL,NULL,NULL,NULL,NULL,1),(6455,49,21,35,'S','S','N','S','N','N','ATIVO',13,'2020-07-14','14:06:12','177.68.173.161',1,NULL,NULL,NULL,NULL,NULL,NULL,NULL,NULL,NULL,NULL,1),(6456,49,21,38,'N','S','N','S','N','N','ATIVO',13,'2020-07-14','14:06:12','177.68.173.161',1,NULL,NULL,NULL,NULL,NULL,NULL,NULL,NULL,NULL,NULL,1),(6457,49,21,133,'N','N','N','N','N','N','ATIVO',13,'2020-07-14','14:06:12','177.68.173.161',1,NULL,NULL,NULL,NULL,NULL,NULL,NULL,NULL,NULL,NULL,1),(6458,49,21,127,'N','N','N','N','N','N','ATIVO',13,'2020-07-14','14:06:12','177.68.173.161',1,NULL,NULL,NULL,NULL,NULL,NULL,NULL,NULL,NULL,NULL,1),(6459,49,21,149,'N','N','N','N','N','N','ATIVO',13,'2020-07-14','14:06:12','177.68.173.161',1,NULL,NULL,NULL,NULL,NULL,NULL,NULL,NULL,NULL,NULL,1),(6460,49,21,131,'S','S','S','S','N','N','ATIVO',13,'2020-07-14','14:06:12','177.68.173.161',1,NULL,NULL,NULL,NULL,NULL,NULL,NULL,NULL,NULL,NULL,1),(6461,49,21,89,'S','S','N','S','N','N','ATIVO',13,'2020-07-14','14:06:12','177.68.173.161',1,NULL,NULL,NULL,NULL,NULL,NULL,NULL,NULL,NULL,NULL,1),(6462,49,21,88,'S','S','N','S','N','N','ATIVO',13,'2020-07-14','14:06:12','177.68.173.161',1,NULL,NULL,NULL,NULL,NULL,NULL,NULL,NULL,NULL,NULL,1),(6463,49,21,142,'S','S','N','S','N','N','ATIVO',13,'2020-07-14','14:06:12','177.68.173.161',1,NULL,NULL,NULL,NULL,NULL,NULL,NULL,NULL,NULL,NULL,1),(6464,49,21,65,'S','S','S','S','N','N','ATIVO',13,'2020-07-14','14:06:12','177.68.173.161',1,NULL,NULL,NULL,NULL,NULL,NULL,NULL,NULL,NULL,NULL,1),(6465,49,21,56,'N','N','N','N','N','N','ATIVO',13,'2020-07-14','14:06:12','177.68.173.161',1,NULL,NULL,NULL,NULL,NULL,NULL,NULL,NULL,NULL,NULL,1),(6466,49,21,136,'N','N','N','S','N','N','ATIVO',13,'2020-07-14','14:06:12','177.68.173.161',1,NULL,NULL,NULL,NULL,NULL,NULL,NULL,NULL,NULL,NULL,1),(6467,49,21,130,'N','N','N','S','N','N','ATIVO',13,'2020-07-14','14:06:12','177.68.173.161',1,NULL,NULL,NULL,NULL,NULL,NULL,NULL,NULL,NULL,NULL,1),(6468,49,21,118,'N','N','N','S','N','N','ATIVO',13,'2020-07-14','14:06:12','177.68.173.161',1,NULL,NULL,NULL,NULL,NULL,NULL,NULL,NULL,NULL,NULL,1),(6469,49,21,144,'N','S','S','S','N','N','ATIVO',13,'2020-07-14','14:06:12','177.68.173.161',1,NULL,NULL,NULL,NULL,NULL,NULL,NULL,NULL,NULL,NULL,1),(6470,49,21,78,'S','S','S','S','N','N','ATIVO',13,'2020-07-14','14:06:12','177.68.173.161',1,NULL,NULL,NULL,NULL,NULL,NULL,NULL,NULL,NULL,NULL,1),(6471,49,21,77,'S','S','S','S','N','N','ATIVO',13,'2020-07-14','14:06:12','177.68.173.161',1,NULL,NULL,NULL,NULL,NULL,NULL,NULL,NULL,NULL,NULL,1),(6472,49,21,39,'N','S','S','S','N','N','ATIVO',13,'2020-07-14','14:06:12','177.68.173.161',1,NULL,NULL,NULL,NULL,NULL,NULL,NULL,NULL,NULL,NULL,1),(6473,49,21,135,'S','S','N','S','N','N','ATIVO',13,'2020-07-14','14:06:12','177.68.173.161',1,NULL,NULL,NULL,NULL,NULL,NULL,NULL,NULL,NULL,NULL,1),(6474,49,21,146,'N','S','N','S','N','N','ATIVO',13,'2020-07-14','14:06:12','177.68.173.161',1,NULL,NULL,NULL,NULL,NULL,NULL,NULL,NULL,NULL,NULL,1),(6475,62,21,58,'N','N','N','N','N','N','ATIVO',13,'2020-07-14','14:06:12','177.68.173.161',1,NULL,NULL,NULL,NULL,NULL,NULL,NULL,NULL,NULL,NULL,1),(6476,62,21,35,'S','S','N','S','N','N','ATIVO',13,'2020-07-14','14:06:12','177.68.173.161',1,NULL,NULL,NULL,NULL,NULL,NULL,NULL,NULL,NULL,NULL,1),(6477,62,21,38,'N','S','N','S','N','N','ATIVO',13,'2020-07-14','14:06:12','177.68.173.161',1,NULL,NULL,NULL,NULL,NULL,NULL,NULL,NULL,NULL,NULL,1),(6478,62,21,133,'N','N','N','N','N','N','ATIVO',13,'2020-07-14','14:06:12','177.68.173.161',1,NULL,NULL,NULL,NULL,NULL,NULL,NULL,NULL,NULL,NULL,1),(6479,62,21,127,'N','N','N','N','N','N','ATIVO',13,'2020-07-14','14:06:12','177.68.173.161',1,NULL,NULL,NULL,NULL,NULL,NULL,NULL,NULL,NULL,NULL,1),(6480,62,21,149,'N','N','N','N','N','N','ATIVO',13,'2020-07-14','14:06:12','177.68.173.161',1,NULL,NULL,NULL,NULL,NULL,NULL,NULL,NULL,NULL,NULL,1),(6481,62,21,131,'S','S','S','S','N','N','ATIVO',13,'2020-07-14','14:06:12','177.68.173.161',1,NULL,NULL,NULL,NULL,NULL,NULL,NULL,NULL,NULL,NULL,1),(6482,62,21,89,'S','S','N','S','N','N','ATIVO',13,'2020-07-14','14:06:12','177.68.173.161',1,NULL,NULL,NULL,NULL,NULL,NULL,NULL,NULL,NULL,NULL,1),(6483,62,21,88,'S','S','N','S','N','N','ATIVO',13,'2020-07-14','14:06:12','177.68.173.161',1,NULL,NULL,NULL,NULL,NULL,NULL,NULL,NULL,NULL,NULL,1),(6484,62,21,142,'S','S','N','S','N','N','ATIVO',13,'2020-07-14','14:06:12','177.68.173.161',1,NULL,NULL,NULL,NULL,NULL,NULL,NULL,NULL,NULL,NULL,1),(6485,62,21,65,'S','S','S','S','N','N','ATIVO',13,'2020-07-14','14:06:12','177.68.173.161',1,NULL,NULL,NULL,NULL,NULL,NULL,NULL,NULL,NULL,NULL,1),(6486,62,21,56,'N','N','N','N','N','N','ATIVO',13,'2020-07-14','14:06:12','177.68.173.161',1,NULL,NULL,NULL,NULL,NULL,NULL,NULL,NULL,NULL,NULL,1),(6487,62,21,136,'N','N','N','S','N','N','ATIVO',13,'2020-07-14','14:06:12','177.68.173.161',1,NULL,NULL,NULL,NULL,NULL,NULL,NULL,NULL,NULL,NULL,1),(6488,62,21,130,'N','N','N','S','N','N','ATIVO',13,'2020-07-14','14:06:12','177.68.173.161',1,NULL,NULL,NULL,NULL,NULL,NULL,NULL,NULL,NULL,NULL,1),(6489,62,21,118,'N','N','N','S','N','N','ATIVO',13,'2020-07-14','14:06:12','177.68.173.161',1,NULL,NULL,NULL,NULL,NULL,NULL,NULL,NULL,NULL,NULL,1),(6490,62,21,144,'N','S','S','S','N','N','ATIVO',13,'2020-07-14','14:06:12','177.68.173.161',1,NULL,NULL,NULL,NULL,NULL,NULL,NULL,NULL,NULL,NULL,1),(6491,62,21,78,'S','S','S','S','N','N','ATIVO',13,'2020-07-14','14:06:12','177.68.173.161',1,NULL,NULL,NULL,NULL,NULL,NULL,NULL,NULL,NULL,NULL,1),(6492,62,21,77,'S','S','S','S','N','N','ATIVO',13,'2020-07-14','14:06:12','177.68.173.161',1,NULL,NULL,NULL,NULL,NULL,NULL,NULL,NULL,NULL,NULL,1),(6493,62,21,39,'N','S','S','S','N','N','ATIVO',13,'2020-07-14','14:06:12','177.68.173.161',1,NULL,NULL,NULL,NULL,NULL,NULL,NULL,NULL,NULL,NULL,1),(6494,62,21,135,'S','S','N','S','N','N','ATIVO',13,'2020-07-14','14:06:12','177.68.173.161',1,NULL,NULL,NULL,NULL,NULL,NULL,NULL,NULL,NULL,NULL,1),(6495,62,21,146,'N','S','N','S','N','N','ATIVO',13,'2020-07-14','14:06:12','177.68.173.161',1,NULL,NULL,NULL,NULL,NULL,NULL,NULL,NULL,NULL,NULL,1),(6496,74,12,110,'N','N','N','N','N','N','ATIVO',50,'2020-07-15','09:26:15','189.47.34.188',7,NULL,NULL,NULL,NULL,NULL,NULL,NULL,NULL,NULL,NULL,1),(6497,74,12,90,'S','S','S','S','N','N','ATIVO',50,'2020-07-15','09:26:15','189.47.34.188',7,NULL,NULL,NULL,NULL,NULL,NULL,NULL,NULL,NULL,NULL,1),(6498,74,12,91,'N','S','S','S','N','N','ATIVO',50,'2020-07-15','09:26:15','189.47.34.188',7,NULL,NULL,NULL,NULL,NULL,NULL,NULL,NULL,NULL,NULL,1),(6499,74,12,129,'S','S','S','S','N','N','ATIVO',50,'2020-07-15','09:26:15','189.47.34.188',7,NULL,NULL,NULL,NULL,NULL,NULL,NULL,NULL,NULL,NULL,1),(6500,74,12,122,'S','S','S','S','N','N','ATIVO',50,'2020-07-15','09:26:15','189.47.34.188',7,NULL,NULL,NULL,NULL,NULL,NULL,NULL,NULL,NULL,NULL,1),(6501,74,12,128,'N','N','N','N','N','N','ATIVO',50,'2020-07-15','09:26:15','189.47.34.188',7,NULL,NULL,NULL,NULL,NULL,NULL,NULL,NULL,NULL,NULL,1),(6502,74,12,132,'S','S','S','S','N','N','ATIVO',50,'2020-07-15','09:26:15','189.47.34.188',7,NULL,NULL,NULL,NULL,NULL,NULL,NULL,NULL,NULL,NULL,1),(6503,74,12,116,'N','N','N','S','N','N','ATIVO',50,'2020-07-15','09:26:15','189.47.34.188',7,NULL,NULL,NULL,NULL,NULL,NULL,NULL,NULL,NULL,NULL,1),(6504,74,12,148,'N','N','N','S','N','N','ATIVO',50,'2020-07-15','09:26:15','189.47.34.188',7,NULL,NULL,NULL,NULL,NULL,NULL,NULL,NULL,NULL,NULL,1),(6505,74,12,109,'N','N','N','N','N','N','ATIVO',50,'2020-07-15','09:26:15','189.47.34.188',7,NULL,NULL,NULL,NULL,NULL,NULL,NULL,NULL,NULL,NULL,1),(6506,74,12,143,'N','N','N','S','N','N','ATIVO',50,'2020-07-15','09:26:15','189.47.34.188',7,NULL,NULL,NULL,NULL,NULL,NULL,NULL,NULL,NULL,NULL,1),(6507,74,12,121,'N','S','N','S','N','N','ATIVO',50,'2020-07-15','09:26:15','189.47.34.188',7,NULL,NULL,NULL,NULL,NULL,NULL,NULL,NULL,NULL,NULL,1),(6508,74,12,92,'N','S','S','S','N','N','ATIVO',50,'2020-07-15','09:26:15','189.47.34.188',7,NULL,NULL,NULL,NULL,NULL,NULL,NULL,NULL,NULL,NULL,1),(6509,74,12,134,'S','S','S','S','N','N','ATIVO',50,'2020-07-15','09:26:15','189.47.34.188',7,NULL,NULL,NULL,NULL,NULL,NULL,NULL,NULL,NULL,NULL,1),(6510,74,12,120,'S','S','S','S','N','N','ATIVO',50,'2020-07-15','09:26:15','189.47.34.188',7,NULL,NULL,NULL,NULL,NULL,NULL,NULL,NULL,NULL,NULL,1),(6573,75,22,91,'N','S','S','S','N','N','ATIVO',13,'2020-08-17','09:24:17','177.138.255.212',1,NULL,NULL,NULL,NULL,NULL,NULL,NULL,NULL,NULL,NULL,1),(6574,75,22,129,'S','S','S','S','N','N','ATIVO',13,'2020-08-17','09:24:17','177.138.255.212',1,NULL,NULL,NULL,NULL,NULL,NULL,NULL,NULL,NULL,NULL,1),(6575,75,22,148,'N','N','N','S','N','N','ATIVO',13,'2020-08-17','09:24:17','177.138.255.212',1,NULL,NULL,NULL,NULL,NULL,NULL,NULL,NULL,NULL,NULL,1),(6576,75,22,109,'N','N','N','N','N','N','ATIVO',13,'2020-08-17','09:24:17','177.138.255.212',1,NULL,NULL,NULL,NULL,NULL,NULL,NULL,NULL,NULL,NULL,1),(6577,75,22,143,'N','N','N','S','N','N','ATIVO',13,'2020-08-17','09:24:17','177.138.255.212',1,NULL,NULL,NULL,NULL,NULL,NULL,NULL,NULL,NULL,NULL,1),(6578,75,22,121,'N','S','S','S','N','N','ATIVO',13,'2020-08-17','09:24:17','177.138.255.212',1,NULL,NULL,NULL,NULL,NULL,NULL,NULL,NULL,NULL,NULL,1),(6579,75,22,92,'N','S','S','S','N','N','ATIVO',13,'2020-08-17','09:24:17','177.138.255.212',1,NULL,NULL,NULL,NULL,NULL,NULL,NULL,NULL,NULL,NULL,1),(6580,75,22,134,'S','S','N','S','N','N','ATIVO',13,'2020-08-17','09:24:17','177.138.255.212',1,NULL,NULL,NULL,NULL,NULL,NULL,NULL,NULL,NULL,NULL,1),(6581,75,22,120,'S','S','N','S','N','N','ATIVO',13,'2020-08-17','09:24:17','177.138.255.212',1,NULL,NULL,NULL,NULL,NULL,NULL,NULL,NULL,NULL,NULL,1),(6582,76,29,91,'N','S','N','S','N','N','ATIVO',13,'2020-08-17','09:32:13','177.138.255.212',1,NULL,NULL,NULL,NULL,NULL,NULL,NULL,NULL,NULL,NULL,1),(6583,76,29,122,'S','S','S','S','N','N','ATIVO',13,'2020-08-17','09:32:13','177.138.255.212',1,NULL,NULL,NULL,NULL,NULL,NULL,NULL,NULL,NULL,NULL,1),(6584,76,29,132,'S','S','S','S','N','N','ATIVO',13,'2020-08-17','09:32:13','177.138.255.212',1,NULL,NULL,NULL,NULL,NULL,NULL,NULL,NULL,NULL,NULL,1),(6585,76,29,148,'N','N','N','S','N','N','ATIVO',13,'2020-08-17','09:32:13','177.138.255.212',1,NULL,NULL,NULL,NULL,NULL,NULL,NULL,NULL,NULL,NULL,1),(6586,76,29,109,'N','N','N','N','N','N','ATIVO',13,'2020-08-17','09:32:13','177.138.255.212',1,NULL,NULL,NULL,NULL,NULL,NULL,NULL,NULL,NULL,NULL,1),(6587,76,29,143,'N','N','N','S','N','N','ATIVO',13,'2020-08-17','09:32:13','177.138.255.212',1,NULL,NULL,NULL,NULL,NULL,NULL,NULL,NULL,NULL,NULL,1),(6588,76,29,120,'S','S','S','S','N','N','ATIVO',13,'2020-08-17','09:32:13','177.138.255.212',1,NULL,NULL,NULL,NULL,NULL,NULL,NULL,NULL,NULL,NULL,1),(6589,76,29,147,'S','S','S','S','N','N','ATIVO',13,'2020-08-17','09:32:13','177.138.255.212',1,NULL,NULL,NULL,NULL,NULL,NULL,NULL,NULL,NULL,NULL,1),(6590,1,1,58,'N','N','N','N','N','N','ATIVO',1,'2020-08-20','23:46:32','191.254.210.184',1,NULL,NULL,NULL,NULL,NULL,NULL,NULL,NULL,NULL,NULL,1),(6591,1,1,57,'S','S','S','S','N','N','ATIVO',1,'2020-08-20','23:46:32','191.254.210.184',1,NULL,NULL,NULL,NULL,NULL,NULL,NULL,NULL,NULL,NULL,1),(6592,1,1,35,'S','S','S','S','N','N','ATIVO',1,'2020-08-20','23:46:32','191.254.210.184',1,NULL,NULL,NULL,NULL,NULL,NULL,NULL,NULL,NULL,NULL,1),(6593,1,1,38,'N','S','S','S','N','N','ATIVO',1,'2020-08-20','23:46:32','191.254.210.184',1,NULL,NULL,NULL,NULL,NULL,NULL,NULL,NULL,NULL,NULL,1),(6594,1,1,133,'S','S','S','S','N','N','ATIVO',1,'2020-08-20','23:46:32','191.254.210.184',1,NULL,NULL,NULL,NULL,NULL,NULL,NULL,NULL,NULL,NULL,1),(6595,1,1,127,'N','N','N','N','N','N','ATIVO',1,'2020-08-20','23:46:32','191.254.210.184',1,NULL,NULL,NULL,NULL,NULL,NULL,NULL,NULL,NULL,NULL,1),(6596,1,1,149,'N','N','N','N','N','N','ATIVO',1,'2020-08-20','23:46:32','191.254.210.184',1,NULL,NULL,NULL,NULL,NULL,NULL,NULL,NULL,NULL,NULL,1),(6597,1,1,131,'S','S','S','S','N','N','ATIVO',1,'2020-08-20','23:46:32','191.254.210.184',1,NULL,NULL,NULL,NULL,NULL,NULL,NULL,NULL,NULL,NULL,1),(6598,1,1,117,'S','S','S','S','N','N','ATIVO',1,'2020-08-20','23:46:32','191.254.210.184',1,NULL,NULL,NULL,NULL,NULL,NULL,NULL,NULL,NULL,NULL,1),(6599,1,1,89,'S','S','S','S','N','N','ATIVO',1,'2020-08-20','23:46:32','191.254.210.184',1,NULL,NULL,NULL,NULL,NULL,NULL,NULL,NULL,NULL,NULL,1),(6600,1,1,88,'S','S','S','S','N','N','ATIVO',1,'2020-08-20','23:46:32','191.254.210.184',1,NULL,NULL,NULL,NULL,NULL,NULL,NULL,NULL,NULL,NULL,1),(6601,1,1,126,'S','S','S','S','N','N','ATIVO',1,'2020-08-20','23:46:32','191.254.210.184',1,NULL,NULL,NULL,NULL,NULL,NULL,NULL,NULL,NULL,NULL,1),(6602,1,1,142,'S','S','S','S','N','N','ATIVO',1,'2020-08-20','23:46:32','191.254.210.184',1,NULL,NULL,NULL,NULL,NULL,NULL,NULL,NULL,NULL,NULL,1),(6603,1,1,64,'S','N','S','S','N','N','ATIVO',1,'2020-08-20','23:46:32','191.254.210.184',1,NULL,NULL,NULL,NULL,NULL,NULL,NULL,NULL,NULL,NULL,1),(6604,1,1,65,'S','S','S','S','N','N','ATIVO',1,'2020-08-20','23:46:32','191.254.210.184',1,NULL,NULL,NULL,NULL,NULL,NULL,NULL,NULL,NULL,NULL,1),(6605,1,1,56,'N','N','N','N','N','N','ATIVO',1,'2020-08-20','23:46:32','191.254.210.184',1,NULL,NULL,NULL,NULL,NULL,NULL,NULL,NULL,NULL,NULL,1),(6606,1,1,137,'N','S','N','S','N','N','ATIVO',1,'2020-08-20','23:46:32','191.254.210.184',1,NULL,NULL,NULL,NULL,NULL,NULL,NULL,NULL,NULL,NULL,1),(6607,1,1,73,'N','N','N','N','N','N','ATIVO',1,'2020-08-20','23:46:32','191.254.210.184',1,NULL,NULL,NULL,NULL,NULL,NULL,NULL,NULL,NULL,NULL,1),(6608,1,1,136,'S','S','S','S','N','N','ATIVO',1,'2020-08-20','23:46:32','191.254.210.184',1,NULL,NULL,NULL,NULL,NULL,NULL,NULL,NULL,NULL,NULL,1),(6609,1,1,130,'S','S','S','S','N','N','ATIVO',1,'2020-08-20','23:46:32','191.254.210.184',1,NULL,NULL,NULL,NULL,NULL,NULL,NULL,NULL,NULL,NULL,1),(6610,1,1,118,'S','S','S','S','N','N','ATIVO',1,'2020-08-20','23:46:32','191.254.210.184',1,NULL,NULL,NULL,NULL,NULL,NULL,NULL,NULL,NULL,NULL,1),(6611,1,1,63,'S','S','S','S','N','N','ATIVO',1,'2020-08-20','23:46:32','191.254.210.184',1,NULL,NULL,NULL,NULL,NULL,NULL,NULL,NULL,NULL,NULL,1),(6612,1,1,124,'S','S','S','S','N','N','ATIVO',1,'2020-08-20','23:46:32','191.254.210.184',1,NULL,NULL,NULL,NULL,NULL,NULL,NULL,NULL,NULL,NULL,1),(6613,1,1,145,'S','S','S','S','N','N','ATIVO',1,'2020-08-20','23:46:32','191.254.210.184',1,NULL,NULL,NULL,NULL,NULL,NULL,NULL,NULL,NULL,NULL,1),(6614,1,1,144,'N','S','S','S','N','N','ATIVO',1,'2020-08-20','23:46:32','191.254.210.184',1,NULL,NULL,NULL,NULL,NULL,NULL,NULL,NULL,NULL,NULL,1),(6615,1,1,45,'S','S','S','S','N','N','ATIVO',1,'2020-08-20','23:46:32','191.254.210.184',1,NULL,NULL,NULL,NULL,NULL,NULL,NULL,NULL,NULL,NULL,1),(6616,1,1,46,'S','S','S','S','N','N','ATIVO',1,'2020-08-20','23:46:32','191.254.210.184',1,NULL,NULL,NULL,NULL,NULL,NULL,NULL,NULL,NULL,NULL,1),(6617,1,1,47,'S','S','S','S','N','N','ATIVO',1,'2020-08-20','23:46:32','191.254.210.184',1,NULL,NULL,NULL,NULL,NULL,NULL,NULL,NULL,NULL,NULL,1),(6618,1,1,78,'S','S','S','S','N','N','ATIVO',1,'2020-08-20','23:46:32','191.254.210.184',1,NULL,NULL,NULL,NULL,NULL,NULL,NULL,NULL,NULL,NULL,1),(6619,1,1,77,'S','S','S','S','N','N','ATIVO',1,'2020-08-20','23:46:32','191.254.210.184',1,NULL,NULL,NULL,NULL,NULL,NULL,NULL,NULL,NULL,NULL,1),(6620,1,1,150,'N','N','S','S','N','N','ATIVO',1,'2020-08-20','23:46:32','191.254.210.184',1,NULL,NULL,NULL,NULL,NULL,NULL,NULL,NULL,NULL,NULL,1),(6621,1,1,135,'S','S','S','S','N','N','ATIVO',1,'2020-08-20','23:46:32','191.254.210.184',1,NULL,NULL,NULL,NULL,NULL,NULL,NULL,NULL,NULL,NULL,1),(6622,1,1,146,'N','S','S','S','N','N','ATIVO',1,'2020-08-20','23:46:32','191.254.210.184',1,NULL,NULL,NULL,NULL,NULL,NULL,NULL,NULL,NULL,NULL,1),(6623,13,1,58,'N','N','N','N','N','N','ATIVO',1,'2020-08-20','23:46:32','191.254.210.184',1,NULL,NULL,NULL,NULL,NULL,NULL,NULL,NULL,NULL,NULL,1),(6624,13,1,57,'S','S','S','S','N','N','ATIVO',1,'2020-08-20','23:46:32','191.254.210.184',1,NULL,NULL,NULL,NULL,NULL,NULL,NULL,NULL,NULL,NULL,1),(6625,13,1,35,'S','S','S','S','N','N','ATIVO',1,'2020-08-20','23:46:32','191.254.210.184',1,NULL,NULL,NULL,NULL,NULL,NULL,NULL,NULL,NULL,NULL,1),(6626,13,1,38,'N','S','S','S','N','N','ATIVO',1,'2020-08-20','23:46:32','191.254.210.184',1,NULL,NULL,NULL,NULL,NULL,NULL,NULL,NULL,NULL,NULL,1),(6627,13,1,133,'S','S','S','S','N','N','ATIVO',1,'2020-08-20','23:46:32','191.254.210.184',1,NULL,NULL,NULL,NULL,NULL,NULL,NULL,NULL,NULL,NULL,1),(6628,13,1,127,'N','N','N','N','N','N','ATIVO',1,'2020-08-20','23:46:32','191.254.210.184',1,NULL,NULL,NULL,NULL,NULL,NULL,NULL,NULL,NULL,NULL,1),(6629,13,1,149,'N','N','N','N','N','N','ATIVO',1,'2020-08-20','23:46:32','191.254.210.184',1,NULL,NULL,NULL,NULL,NULL,NULL,NULL,NULL,NULL,NULL,1),(6630,13,1,131,'S','S','S','S','N','N','ATIVO',1,'2020-08-20','23:46:32','191.254.210.184',1,NULL,NULL,NULL,NULL,NULL,NULL,NULL,NULL,NULL,NULL,1),(6631,13,1,117,'S','S','S','S','N','N','ATIVO',1,'2020-08-20','23:46:32','191.254.210.184',1,NULL,NULL,NULL,NULL,NULL,NULL,NULL,NULL,NULL,NULL,1),(6632,13,1,89,'S','S','S','S','N','N','ATIVO',1,'2020-08-20','23:46:32','191.254.210.184',1,NULL,NULL,NULL,NULL,NULL,NULL,NULL,NULL,NULL,NULL,1),(6633,13,1,88,'S','S','S','S','N','N','ATIVO',1,'2020-08-20','23:46:32','191.254.210.184',1,NULL,NULL,NULL,NULL,NULL,NULL,NULL,NULL,NULL,NULL,1),(6634,13,1,126,'S','S','S','S','N','N','ATIVO',1,'2020-08-20','23:46:32','191.254.210.184',1,NULL,NULL,NULL,NULL,NULL,NULL,NULL,NULL,NULL,NULL,1),(6635,13,1,142,'S','S','S','S','N','N','ATIVO',1,'2020-08-20','23:46:32','191.254.210.184',1,NULL,NULL,NULL,NULL,NULL,NULL,NULL,NULL,NULL,NULL,1),(6636,13,1,64,'S','N','S','S','N','N','ATIVO',1,'2020-08-20','23:46:32','191.254.210.184',1,NULL,NULL,NULL,NULL,NULL,NULL,NULL,NULL,NULL,NULL,1),(6637,13,1,65,'S','S','S','S','N','N','ATIVO',1,'2020-08-20','23:46:32','191.254.210.184',1,NULL,NULL,NULL,NULL,NULL,NULL,NULL,NULL,NULL,NULL,1),(6638,13,1,56,'N','N','N','N','N','N','ATIVO',1,'2020-08-20','23:46:32','191.254.210.184',1,NULL,NULL,NULL,NULL,NULL,NULL,NULL,NULL,NULL,NULL,1),(6639,13,1,137,'N','S','N','S','N','N','ATIVO',1,'2020-08-20','23:46:32','191.254.210.184',1,NULL,NULL,NULL,NULL,NULL,NULL,NULL,NULL,NULL,NULL,1),(6640,13,1,73,'N','N','N','N','N','N','ATIVO',1,'2020-08-20','23:46:32','191.254.210.184',1,NULL,NULL,NULL,NULL,NULL,NULL,NULL,NULL,NULL,NULL,1),(6641,13,1,136,'S','S','S','S','N','N','ATIVO',1,'2020-08-20','23:46:32','191.254.210.184',1,NULL,NULL,NULL,NULL,NULL,NULL,NULL,NULL,NULL,NULL,1),(6642,13,1,130,'S','S','S','S','N','N','ATIVO',1,'2020-08-20','23:46:32','191.254.210.184',1,NULL,NULL,NULL,NULL,NULL,NULL,NULL,NULL,NULL,NULL,1),(6643,13,1,118,'S','S','S','S','N','N','ATIVO',1,'2020-08-20','23:46:32','191.254.210.184',1,NULL,NULL,NULL,NULL,NULL,NULL,NULL,NULL,NULL,NULL,1),(6644,13,1,63,'S','S','S','S','N','N','ATIVO',1,'2020-08-20','23:46:32','191.254.210.184',1,NULL,NULL,NULL,NULL,NULL,NULL,NULL,NULL,NULL,NULL,1),(6645,13,1,124,'S','S','S','S','N','N','ATIVO',1,'2020-08-20','23:46:32','191.254.210.184',1,NULL,NULL,NULL,NULL,NULL,NULL,NULL,NULL,NULL,NULL,1),(6646,13,1,145,'S','S','S','S','N','N','ATIVO',1,'2020-08-20','23:46:32','191.254.210.184',1,NULL,NULL,NULL,NULL,NULL,NULL,NULL,NULL,NULL,NULL,1),(6647,13,1,144,'N','S','S','S','N','N','ATIVO',1,'2020-08-20','23:46:32','191.254.210.184',1,NULL,NULL,NULL,NULL,NULL,NULL,NULL,NULL,NULL,NULL,1),(6648,13,1,45,'S','S','S','S','N','N','ATIVO',1,'2020-08-20','23:46:32','191.254.210.184',1,NULL,NULL,NULL,NULL,NULL,NULL,NULL,NULL,NULL,NULL,1),(6649,13,1,46,'S','S','S','S','N','N','ATIVO',1,'2020-08-20','23:46:32','191.254.210.184',1,NULL,NULL,NULL,NULL,NULL,NULL,NULL,NULL,NULL,NULL,1),(6650,13,1,47,'S','S','S','S','N','N','ATIVO',1,'2020-08-20','23:46:32','191.254.210.184',1,NULL,NULL,NULL,NULL,NULL,NULL,NULL,NULL,NULL,NULL,1),(6651,13,1,78,'S','S','S','S','N','N','ATIVO',1,'2020-08-20','23:46:32','191.254.210.184',1,NULL,NULL,NULL,NULL,NULL,NULL,NULL,NULL,NULL,NULL,1),(6652,13,1,77,'S','S','S','S','N','N','ATIVO',1,'2020-08-20','23:46:32','191.254.210.184',1,NULL,NULL,NULL,NULL,NULL,NULL,NULL,NULL,NULL,NULL,1),(6653,13,1,150,'N','N','S','S','N','N','ATIVO',1,'2020-08-20','23:46:32','191.254.210.184',1,NULL,NULL,NULL,NULL,NULL,NULL,NULL,NULL,NULL,NULL,1),(6654,13,1,135,'S','S','S','S','N','N','ATIVO',1,'2020-08-20','23:46:32','191.254.210.184',1,NULL,NULL,NULL,NULL,NULL,NULL,NULL,NULL,NULL,NULL,1),(6655,13,1,146,'N','S','S','S','N','N','ATIVO',1,'2020-08-20','23:46:32','191.254.210.184',1,NULL,NULL,NULL,NULL,NULL,NULL,NULL,NULL,NULL,NULL,1),(6656,77,30,80,'N','N','N','S','N','N','ATIVO',1,'2020-08-20','23:50:33','191.254.210.184',1,NULL,NULL,NULL,NULL,NULL,NULL,NULL,NULL,NULL,NULL,1),(6657,77,30,151,'S','S','S','S','N','N','ATIVO',1,'2020-08-20','23:50:33','191.254.210.184',1,NULL,NULL,NULL,NULL,NULL,NULL,NULL,NULL,NULL,NULL,1),(6658,77,30,152,'S','S','S','S','N','N','ATIVO',1,'2020-08-20','23:50:33','191.254.210.184',1,NULL,NULL,NULL,NULL,NULL,NULL,NULL,NULL,NULL,NULL,1),(6659,77,30,153,'N','N','N','N','N','N','ATIVO',1,'2020-08-20','23:50:33','191.254.210.184',1,NULL,NULL,NULL,NULL,NULL,NULL,NULL,NULL,NULL,NULL,1),(6660,77,30,154,'S','S','S','S','N','N','ATIVO',1,'2020-08-20','23:50:33','191.254.210.184',1,NULL,NULL,NULL,NULL,NULL,NULL,NULL,NULL,NULL,NULL,1),(6661,77,30,155,'N','N','N','S','N','N','ATIVO',1,'2020-08-20','23:50:33','191.254.210.184',1,NULL,NULL,NULL,NULL,NULL,NULL,NULL,NULL,NULL,NULL,1),(6662,77,30,156,'S','S','S','S','N','N','ATIVO',1,'2020-08-20','23:50:33','191.254.210.184',1,NULL,NULL,NULL,NULL,NULL,NULL,NULL,NULL,NULL,NULL,1),(6663,77,30,157,'N','N','N','S','N','N','ATIVO',1,'2020-08-20','23:50:33','191.254.210.184',1,NULL,NULL,NULL,NULL,NULL,NULL,NULL,NULL,NULL,NULL,1),(6664,77,30,158,'N','S','S','S','N','N','ATIVO',1,'2020-08-20','23:50:33','191.254.210.184',1,NULL,NULL,NULL,NULL,NULL,NULL,NULL,NULL,NULL,NULL,1),(6665,77,30,159,'S','S','S','S','N','N','ATIVO',1,'2020-08-20','23:50:33','191.254.210.184',1,NULL,NULL,NULL,NULL,NULL,NULL,NULL,NULL,NULL,NULL,1),(6666,77,30,160,'N','S','S','S','N','N','ATIVO',1,'2020-08-20','23:50:33','191.254.210.184',1,NULL,NULL,NULL,NULL,NULL,NULL,NULL,NULL,NULL,NULL,1),(6667,77,30,161,'S','S','S','S','N','N','ATIVO',1,'2020-08-20','23:50:33','191.254.210.184',1,NULL,NULL,NULL,NULL,NULL,NULL,NULL,NULL,NULL,NULL,1),(6668,77,30,162,'S','S','S','S','N','N','ATIVO',1,'2020-08-20','23:50:33','191.254.210.184',1,NULL,NULL,NULL,NULL,NULL,NULL,NULL,NULL,NULL,NULL,1),(6669,77,30,163,'S','S','S','S','N','N','ATIVO',1,'2020-08-20','23:50:33','191.254.210.184',1,NULL,NULL,NULL,NULL,NULL,NULL,NULL,NULL,NULL,NULL,1),(6810,80,29,91,'N','S','N','S','N','N','ATIVO',13,'2021-04-06','12:02:16','177.45.103.153',1,NULL,NULL,NULL,NULL,NULL,NULL,NULL,NULL,NULL,NULL,1),(6811,80,29,122,'S','S','S','S','N','N','ATIVO',13,'2021-04-06','12:02:16','177.45.103.153',1,NULL,NULL,NULL,NULL,NULL,NULL,NULL,NULL,NULL,NULL,1),(6812,80,29,132,'S','S','S','S','N','N','ATIVO',13,'2021-04-06','12:02:16','177.45.103.153',1,NULL,NULL,NULL,NULL,NULL,NULL,NULL,NULL,NULL,NULL,1),(6813,80,29,148,'N','N','N','S','N','N','ATIVO',13,'2021-04-06','12:02:16','177.45.103.153',1,NULL,NULL,NULL,NULL,NULL,NULL,NULL,NULL,NULL,NULL,1),(6814,80,29,109,'N','N','N','N','N','N','ATIVO',13,'2021-04-06','12:02:16','177.45.103.153',1,NULL,NULL,NULL,NULL,NULL,NULL,NULL,NULL,NULL,NULL,1),(6815,80,29,143,'N','N','N','S','N','N','ATIVO',13,'2021-04-06','12:02:16','177.45.103.153',1,NULL,NULL,NULL,NULL,NULL,NULL,NULL,NULL,NULL,NULL,1),(6816,80,29,120,'S','S','S','S','N','N','ATIVO',13,'2021-04-06','12:02:16','177.45.103.153',1,NULL,NULL,NULL,NULL,NULL,NULL,NULL,NULL,NULL,NULL,1),(6912,78,29,91,'N','S','N','S','N','N','ATIVO',13,'2021-04-09','21:22:02','45.172.117.229',1,NULL,NULL,NULL,NULL,NULL,NULL,NULL,NULL,NULL,NULL,1),(6913,78,29,122,'S','S','S','S','N','N','ATIVO',13,'2021-04-09','21:22:02','45.172.117.229',1,NULL,NULL,NULL,NULL,NULL,NULL,NULL,NULL,NULL,NULL,1),(6914,78,29,132,'S','S','S','S','N','N','ATIVO',13,'2021-04-09','21:22:02','45.172.117.229',1,NULL,NULL,NULL,NULL,NULL,NULL,NULL,NULL,NULL,NULL,1),(6915,78,29,109,'N','N','N','N','N','N','ATIVO',13,'2021-04-09','21:22:02','45.172.117.229',1,NULL,NULL,NULL,NULL,NULL,NULL,NULL,NULL,NULL,NULL,1),(6916,78,29,143,'N','N','N','S','N','N','ATIVO',13,'2021-04-09','21:22:02','45.172.117.229',1,NULL,NULL,NULL,NULL,NULL,NULL,NULL,NULL,NULL,NULL,1),(6917,79,29,91,'N','S','N','S','N','N','ATIVO',13,'2021-04-09','21:22:02','45.172.117.229',1,NULL,NULL,NULL,NULL,NULL,NULL,NULL,NULL,NULL,NULL,1),(6918,79,29,122,'S','S','S','S','N','N','ATIVO',13,'2021-04-09','21:22:02','45.172.117.229',1,NULL,NULL,NULL,NULL,NULL,NULL,NULL,NULL,NULL,NULL,1),(6919,79,29,132,'S','S','S','S','N','N','ATIVO',13,'2021-04-09','21:22:02','45.172.117.229',1,NULL,NULL,NULL,NULL,NULL,NULL,NULL,NULL,NULL,NULL,1),(6920,79,29,109,'N','N','N','N','N','N','ATIVO',13,'2021-04-09','21:22:02','45.172.117.229',1,NULL,NULL,NULL,NULL,NULL,NULL,NULL,NULL,NULL,NULL,1),(6921,79,29,143,'N','N','N','S','N','N','ATIVO',13,'2021-04-09','21:22:02','45.172.117.229',1,NULL,NULL,NULL,NULL,NULL,NULL,NULL,NULL,NULL,NULL,1),(6922,81,29,91,'N','S','N','S','N','N','ATIVO',13,'2021-04-09','21:22:02','45.172.117.229',1,NULL,NULL,NULL,NULL,NULL,NULL,NULL,NULL,NULL,NULL,1),(6923,81,29,122,'S','S','S','S','N','N','ATIVO',13,'2021-04-09','21:22:02','45.172.117.229',1,NULL,NULL,NULL,NULL,NULL,NULL,NULL,NULL,NULL,NULL,1),(6924,81,29,132,'S','S','S','S','N','N','ATIVO',13,'2021-04-09','21:22:02','45.172.117.229',1,NULL,NULL,NULL,NULL,NULL,NULL,NULL,NULL,NULL,NULL,1),(6925,81,29,109,'N','N','N','N','N','N','ATIVO',13,'2021-04-09','21:22:02','45.172.117.229',1,NULL,NULL,NULL,NULL,NULL,NULL,NULL,NULL,NULL,NULL,1),(6926,81,29,143,'N','N','N','S','N','N','ATIVO',13,'2021-04-09','21:22:02','45.172.117.229',1,NULL,NULL,NULL,NULL,NULL,NULL,NULL,NULL,NULL,NULL,1),(7023,40,13,90,'S','S','S','S','N','N','ATIVO',13,'2021-04-09','22:00:15','45.172.117.229',1,NULL,NULL,NULL,NULL,NULL,NULL,NULL,NULL,NULL,NULL,1),(7024,40,13,91,'N','S','S','S','N','N','ATIVO',13,'2021-04-09','22:00:15','45.172.117.229',1,NULL,NULL,NULL,NULL,NULL,NULL,NULL,NULL,NULL,NULL,1),(7025,40,13,129,'S','S','S','S','N','N','ATIVO',13,'2021-04-09','22:00:15','45.172.117.229',1,NULL,NULL,NULL,NULL,NULL,NULL,NULL,NULL,NULL,NULL,1),(7026,40,13,122,'S','S','S','S','N','N','ATIVO',13,'2021-04-09','22:00:15','45.172.117.229',1,NULL,NULL,NULL,NULL,NULL,NULL,NULL,NULL,NULL,NULL,1),(7027,40,13,128,'N','N','N','N','N','N','ATIVO',13,'2021-04-09','22:00:15','45.172.117.229',1,NULL,NULL,NULL,NULL,NULL,NULL,NULL,NULL,NULL,NULL,1),(7028,40,13,132,'S','S','S','S','N','N','ATIVO',13,'2021-04-09','22:00:15','45.172.117.229',1,NULL,NULL,NULL,NULL,NULL,NULL,NULL,NULL,NULL,NULL,1),(7029,40,13,109,'N','N','N','N','N','N','ATIVO',13,'2021-04-09','22:00:15','45.172.117.229',1,NULL,NULL,NULL,NULL,NULL,NULL,NULL,NULL,NULL,NULL,1),(7030,40,13,143,'N','N','N','S','N','N','ATIVO',13,'2021-04-09','22:00:15','45.172.117.229',1,NULL,NULL,NULL,NULL,NULL,NULL,NULL,NULL,NULL,NULL,1),(7031,40,13,121,'N','N','N','S','N','N','ATIVO',13,'2021-04-09','22:00:15','45.172.117.229',1,NULL,NULL,NULL,NULL,NULL,NULL,NULL,NULL,NULL,NULL,1),(7032,40,13,92,'N','S','S','S','N','N','ATIVO',13,'2021-04-09','22:00:15','45.172.117.229',1,NULL,NULL,NULL,NULL,NULL,NULL,NULL,NULL,NULL,NULL,1),(7033,40,13,120,'S','S','S','S','N','N','ATIVO',13,'2021-04-09','22:00:15','45.172.117.229',1,NULL,NULL,NULL,NULL,NULL,NULL,NULL,NULL,NULL,NULL,1),(7034,51,13,90,'S','S','S','S','N','N','ATIVO',13,'2021-04-09','22:00:15','45.172.117.229',1,NULL,NULL,NULL,NULL,NULL,NULL,NULL,NULL,NULL,NULL,1),(7035,51,13,91,'N','S','S','S','N','N','ATIVO',13,'2021-04-09','22:00:15','45.172.117.229',1,NULL,NULL,NULL,NULL,NULL,NULL,NULL,NULL,NULL,NULL,1),(7036,51,13,129,'S','S','S','S','N','N','ATIVO',13,'2021-04-09','22:00:15','45.172.117.229',1,NULL,NULL,NULL,NULL,NULL,NULL,NULL,NULL,NULL,NULL,1),(7037,51,13,122,'S','S','S','S','N','N','ATIVO',13,'2021-04-09','22:00:15','45.172.117.229',1,NULL,NULL,NULL,NULL,NULL,NULL,NULL,NULL,NULL,NULL,1),(7038,51,13,128,'N','N','N','N','N','N','ATIVO',13,'2021-04-09','22:00:15','45.172.117.229',1,NULL,NULL,NULL,NULL,NULL,NULL,NULL,NULL,NULL,NULL,1),(7039,51,13,132,'S','S','S','S','N','N','ATIVO',13,'2021-04-09','22:00:15','45.172.117.229',1,NULL,NULL,NULL,NULL,NULL,NULL,NULL,NULL,NULL,NULL,1),(7040,51,13,109,'N','N','N','N','N','N','ATIVO',13,'2021-04-09','22:00:15','45.172.117.229',1,NULL,NULL,NULL,NULL,NULL,NULL,NULL,NULL,NULL,NULL,1),(7041,51,13,143,'N','N','N','S','N','N','ATIVO',13,'2021-04-09','22:00:15','45.172.117.229',1,NULL,NULL,NULL,NULL,NULL,NULL,NULL,NULL,NULL,NULL,1),(7042,51,13,121,'N','N','N','S','N','N','ATIVO',13,'2021-04-09','22:00:15','45.172.117.229',1,NULL,NULL,NULL,NULL,NULL,NULL,NULL,NULL,NULL,NULL,1),(7043,51,13,92,'N','S','S','S','N','N','ATIVO',13,'2021-04-09','22:00:15','45.172.117.229',1,NULL,NULL,NULL,NULL,NULL,NULL,NULL,NULL,NULL,NULL,1),(7044,51,13,120,'S','S','S','S','N','N','ATIVO',13,'2021-04-09','22:00:15','45.172.117.229',1,NULL,NULL,NULL,NULL,NULL,NULL,NULL,NULL,NULL,NULL,1),(7045,53,13,90,'S','S','S','S','N','N','ATIVO',13,'2021-04-09','22:00:15','45.172.117.229',1,NULL,NULL,NULL,NULL,NULL,NULL,NULL,NULL,NULL,NULL,1),(7046,53,13,91,'N','S','S','S','N','N','ATIVO',13,'2021-04-09','22:00:15','45.172.117.229',1,NULL,NULL,NULL,NULL,NULL,NULL,NULL,NULL,NULL,NULL,1),(7047,53,13,129,'S','S','S','S','N','N','ATIVO',13,'2021-04-09','22:00:15','45.172.117.229',1,NULL,NULL,NULL,NULL,NULL,NULL,NULL,NULL,NULL,NULL,1),(7048,53,13,122,'S','S','S','S','N','N','ATIVO',13,'2021-04-09','22:00:15','45.172.117.229',1,NULL,NULL,NULL,NULL,NULL,NULL,NULL,NULL,NULL,NULL,1),(7049,53,13,128,'N','N','N','N','N','N','ATIVO',13,'2021-04-09','22:00:15','45.172.117.229',1,NULL,NULL,NULL,NULL,NULL,NULL,NULL,NULL,NULL,NULL,1),(7050,53,13,132,'S','S','S','S','N','N','ATIVO',13,'2021-04-09','22:00:15','45.172.117.229',1,NULL,NULL,NULL,NULL,NULL,NULL,NULL,NULL,NULL,NULL,1),(7051,53,13,109,'N','N','N','N','N','N','ATIVO',13,'2021-04-09','22:00:15','45.172.117.229',1,NULL,NULL,NULL,NULL,NULL,NULL,NULL,NULL,NULL,NULL,1),(7052,53,13,143,'N','N','N','S','N','N','ATIVO',13,'2021-04-09','22:00:15','45.172.117.229',1,NULL,NULL,NULL,NULL,NULL,NULL,NULL,NULL,NULL,NULL,1),(7053,53,13,121,'N','N','N','S','N','N','ATIVO',13,'2021-04-09','22:00:15','45.172.117.229',1,NULL,NULL,NULL,NULL,NULL,NULL,NULL,NULL,NULL,NULL,1),(7054,53,13,92,'N','S','S','S','N','N','ATIVO',13,'2021-04-09','22:00:15','45.172.117.229',1,NULL,NULL,NULL,NULL,NULL,NULL,NULL,NULL,NULL,NULL,1),(7055,53,13,120,'S','S','S','S','N','N','ATIVO',13,'2021-04-09','22:00:15','45.172.117.229',1,NULL,NULL,NULL,NULL,NULL,NULL,NULL,NULL,NULL,NULL,1),(7056,57,13,90,'S','S','S','S','N','N','ATIVO',13,'2021-04-09','22:00:15','45.172.117.229',1,NULL,NULL,NULL,NULL,NULL,NULL,NULL,NULL,NULL,NULL,1),(7057,57,13,91,'N','S','S','S','N','N','ATIVO',13,'2021-04-09','22:00:15','45.172.117.229',1,NULL,NULL,NULL,NULL,NULL,NULL,NULL,NULL,NULL,NULL,1),(7058,57,13,129,'S','S','S','S','N','N','ATIVO',13,'2021-04-09','22:00:15','45.172.117.229',1,NULL,NULL,NULL,NULL,NULL,NULL,NULL,NULL,NULL,NULL,1),(7059,57,13,122,'S','S','S','S','N','N','ATIVO',13,'2021-04-09','22:00:15','45.172.117.229',1,NULL,NULL,NULL,NULL,NULL,NULL,NULL,NULL,NULL,NULL,1),(7060,57,13,128,'N','N','N','N','N','N','ATIVO',13,'2021-04-09','22:00:15','45.172.117.229',1,NULL,NULL,NULL,NULL,NULL,NULL,NULL,NULL,NULL,NULL,1),(7061,57,13,132,'S','S','S','S','N','N','ATIVO',13,'2021-04-09','22:00:15','45.172.117.229',1,NULL,NULL,NULL,NULL,NULL,NULL,NULL,NULL,NULL,NULL,1),(7062,57,13,109,'N','N','N','N','N','N','ATIVO',13,'2021-04-09','22:00:15','45.172.117.229',1,NULL,NULL,NULL,NULL,NULL,NULL,NULL,NULL,NULL,NULL,1),(7063,57,13,143,'N','N','N','S','N','N','ATIVO',13,'2021-04-09','22:00:15','45.172.117.229',1,NULL,NULL,NULL,NULL,NULL,NULL,NULL,NULL,NULL,NULL,1),(7064,57,13,121,'N','N','N','S','N','N','ATIVO',13,'2021-04-09','22:00:15','45.172.117.229',1,NULL,NULL,NULL,NULL,NULL,NULL,NULL,NULL,NULL,NULL,1),(7065,57,13,92,'N','S','S','S','N','N','ATIVO',13,'2021-04-09','22:00:15','45.172.117.229',1,NULL,NULL,NULL,NULL,NULL,NULL,NULL,NULL,NULL,NULL,1),(7066,57,13,120,'S','S','S','S','N','N','ATIVO',13,'2021-04-09','22:00:15','45.172.117.229',1,NULL,NULL,NULL,NULL,NULL,NULL,NULL,NULL,NULL,NULL,1),(7067,58,13,90,'S','S','S','S','N','N','ATIVO',13,'2021-04-09','22:00:15','45.172.117.229',1,NULL,NULL,NULL,NULL,NULL,NULL,NULL,NULL,NULL,NULL,1),(7068,58,13,91,'N','S','S','S','N','N','ATIVO',13,'2021-04-09','22:00:15','45.172.117.229',1,NULL,NULL,NULL,NULL,NULL,NULL,NULL,NULL,NULL,NULL,1),(7069,58,13,129,'S','S','S','S','N','N','ATIVO',13,'2021-04-09','22:00:15','45.172.117.229',1,NULL,NULL,NULL,NULL,NULL,NULL,NULL,NULL,NULL,NULL,1),(7070,58,13,122,'S','S','S','S','N','N','ATIVO',13,'2021-04-09','22:00:15','45.172.117.229',1,NULL,NULL,NULL,NULL,NULL,NULL,NULL,NULL,NULL,NULL,1),(7071,58,13,128,'N','N','N','N','N','N','ATIVO',13,'2021-04-09','22:00:15','45.172.117.229',1,NULL,NULL,NULL,NULL,NULL,NULL,NULL,NULL,NULL,NULL,1),(7072,58,13,132,'S','S','S','S','N','N','ATIVO',13,'2021-04-09','22:00:15','45.172.117.229',1,NULL,NULL,NULL,NULL,NULL,NULL,NULL,NULL,NULL,NULL,1),(7073,58,13,109,'N','N','N','N','N','N','ATIVO',13,'2021-04-09','22:00:15','45.172.117.229',1,NULL,NULL,NULL,NULL,NULL,NULL,NULL,NULL,NULL,NULL,1),(7074,58,13,143,'N','N','N','S','N','N','ATIVO',13,'2021-04-09','22:00:15','45.172.117.229',1,NULL,NULL,NULL,NULL,NULL,NULL,NULL,NULL,NULL,NULL,1),(7075,58,13,121,'N','N','N','S','N','N','ATIVO',13,'2021-04-09','22:00:15','45.172.117.229',1,NULL,NULL,NULL,NULL,NULL,NULL,NULL,NULL,NULL,NULL,1),(7076,58,13,92,'N','S','S','S','N','N','ATIVO',13,'2021-04-09','22:00:15','45.172.117.229',1,NULL,NULL,NULL,NULL,NULL,NULL,NULL,NULL,NULL,NULL,1),(7077,58,13,120,'S','S','S','S','N','N','ATIVO',13,'2021-04-09','22:00:15','45.172.117.229',1,NULL,NULL,NULL,NULL,NULL,NULL,NULL,NULL,NULL,NULL,1),(7078,61,13,90,'S','S','S','S','N','N','ATIVO',13,'2021-04-09','22:00:15','45.172.117.229',1,NULL,NULL,NULL,NULL,NULL,NULL,NULL,NULL,NULL,NULL,1),(7079,61,13,91,'N','S','S','S','N','N','ATIVO',13,'2021-04-09','22:00:15','45.172.117.229',1,NULL,NULL,NULL,NULL,NULL,NULL,NULL,NULL,NULL,NULL,1),(7080,61,13,129,'S','S','S','S','N','N','ATIVO',13,'2021-04-09','22:00:15','45.172.117.229',1,NULL,NULL,NULL,NULL,NULL,NULL,NULL,NULL,NULL,NULL,1),(7081,61,13,122,'S','S','S','S','N','N','ATIVO',13,'2021-04-09','22:00:15','45.172.117.229',1,NULL,NULL,NULL,NULL,NULL,NULL,NULL,NULL,NULL,NULL,1),(7082,61,13,128,'N','N','N','N','N','N','ATIVO',13,'2021-04-09','22:00:15','45.172.117.229',1,NULL,NULL,NULL,NULL,NULL,NULL,NULL,NULL,NULL,NULL,1),(7083,61,13,132,'S','S','S','S','N','N','ATIVO',13,'2021-04-09','22:00:15','45.172.117.229',1,NULL,NULL,NULL,NULL,NULL,NULL,NULL,NULL,NULL,NULL,1),(7084,61,13,109,'N','N','N','N','N','N','ATIVO',13,'2021-04-09','22:00:15','45.172.117.229',1,NULL,NULL,NULL,NULL,NULL,NULL,NULL,NULL,NULL,NULL,1),(7085,61,13,143,'N','N','N','S','N','N','ATIVO',13,'2021-04-09','22:00:15','45.172.117.229',1,NULL,NULL,NULL,NULL,NULL,NULL,NULL,NULL,NULL,NULL,1),(7086,61,13,121,'N','N','N','S','N','N','ATIVO',13,'2021-04-09','22:00:15','45.172.117.229',1,NULL,NULL,NULL,NULL,NULL,NULL,NULL,NULL,NULL,NULL,1),(7087,61,13,92,'N','S','S','S','N','N','ATIVO',13,'2021-04-09','22:00:15','45.172.117.229',1,NULL,NULL,NULL,NULL,NULL,NULL,NULL,NULL,NULL,NULL,1),(7088,61,13,120,'S','S','S','S','N','N','ATIVO',13,'2021-04-09','22:00:15','45.172.117.229',1,NULL,NULL,NULL,NULL,NULL,NULL,NULL,NULL,NULL,NULL,1),(7089,66,13,90,'S','S','S','S','N','N','ATIVO',13,'2021-04-09','22:00:15','45.172.117.229',1,NULL,NULL,NULL,NULL,NULL,NULL,NULL,NULL,NULL,NULL,1),(7090,66,13,91,'N','S','S','S','N','N','ATIVO',13,'2021-04-09','22:00:15','45.172.117.229',1,NULL,NULL,NULL,NULL,NULL,NULL,NULL,NULL,NULL,NULL,1),(7091,66,13,129,'S','S','S','S','N','N','ATIVO',13,'2021-04-09','22:00:15','45.172.117.229',1,NULL,NULL,NULL,NULL,NULL,NULL,NULL,NULL,NULL,NULL,1),(7092,66,13,122,'S','S','S','S','N','N','ATIVO',13,'2021-04-09','22:00:15','45.172.117.229',1,NULL,NULL,NULL,NULL,NULL,NULL,NULL,NULL,NULL,NULL,1),(7093,66,13,128,'N','N','N','N','N','N','ATIVO',13,'2021-04-09','22:00:15','45.172.117.229',1,NULL,NULL,NULL,NULL,NULL,NULL,NULL,NULL,NULL,NULL,1),(7094,66,13,132,'S','S','S','S','N','N','ATIVO',13,'2021-04-09','22:00:15','45.172.117.229',1,NULL,NULL,NULL,NULL,NULL,NULL,NULL,NULL,NULL,NULL,1),(7095,66,13,109,'N','N','N','N','N','N','ATIVO',13,'2021-04-09','22:00:15','45.172.117.229',1,NULL,NULL,NULL,NULL,NULL,NULL,NULL,NULL,NULL,NULL,1),(7096,66,13,143,'N','N','N','S','N','N','ATIVO',13,'2021-04-09','22:00:15','45.172.117.229',1,NULL,NULL,NULL,NULL,NULL,NULL,NULL,NULL,NULL,NULL,1),(7097,66,13,121,'N','N','N','S','N','N','ATIVO',13,'2021-04-09','22:00:15','45.172.117.229',1,NULL,NULL,NULL,NULL,NULL,NULL,NULL,NULL,NULL,NULL,1),(7098,66,13,92,'N','S','S','S','N','N','ATIVO',13,'2021-04-09','22:00:15','45.172.117.229',1,NULL,NULL,NULL,NULL,NULL,NULL,NULL,NULL,NULL,NULL,1),(7099,66,13,120,'S','S','S','S','N','N','ATIVO',13,'2021-04-09','22:00:15','45.172.117.229',1,NULL,NULL,NULL,NULL,NULL,NULL,NULL,NULL,NULL,NULL,1),(7100,70,13,90,'S','S','S','S','N','N','ATIVO',13,'2021-04-09','22:00:15','45.172.117.229',1,NULL,NULL,NULL,NULL,NULL,NULL,NULL,NULL,NULL,NULL,1),(7101,70,13,91,'N','S','S','S','N','N','ATIVO',13,'2021-04-09','22:00:15','45.172.117.229',1,NULL,NULL,NULL,NULL,NULL,NULL,NULL,NULL,NULL,NULL,1),(7102,70,13,129,'S','S','S','S','N','N','ATIVO',13,'2021-04-09','22:00:15','45.172.117.229',1,NULL,NULL,NULL,NULL,NULL,NULL,NULL,NULL,NULL,NULL,1),(7103,70,13,122,'S','S','S','S','N','N','ATIVO',13,'2021-04-09','22:00:15','45.172.117.229',1,NULL,NULL,NULL,NULL,NULL,NULL,NULL,NULL,NULL,NULL,1),(7104,70,13,128,'N','N','N','N','N','N','ATIVO',13,'2021-04-09','22:00:15','45.172.117.229',1,NULL,NULL,NULL,NULL,NULL,NULL,NULL,NULL,NULL,NULL,1),(7105,70,13,132,'S','S','S','S','N','N','ATIVO',13,'2021-04-09','22:00:15','45.172.117.229',1,NULL,NULL,NULL,NULL,NULL,NULL,NULL,NULL,NULL,NULL,1),(7106,70,13,109,'N','N','N','N','N','N','ATIVO',13,'2021-04-09','22:00:15','45.172.117.229',1,NULL,NULL,NULL,NULL,NULL,NULL,NULL,NULL,NULL,NULL,1),(7107,70,13,143,'N','N','N','S','N','N','ATIVO',13,'2021-04-09','22:00:15','45.172.117.229',1,NULL,NULL,NULL,NULL,NULL,NULL,NULL,NULL,NULL,NULL,1),(7108,70,13,121,'N','N','N','S','N','N','ATIVO',13,'2021-04-09','22:00:15','45.172.117.229',1,NULL,NULL,NULL,NULL,NULL,NULL,NULL,NULL,NULL,NULL,1),(7109,70,13,92,'N','S','S','S','N','N','ATIVO',13,'2021-04-09','22:00:15','45.172.117.229',1,NULL,NULL,NULL,NULL,NULL,NULL,NULL,NULL,NULL,NULL,1),(7110,70,13,120,'S','S','S','S','N','N','ATIVO',13,'2021-04-09','22:00:15','45.172.117.229',1,NULL,NULL,NULL,NULL,NULL,NULL,NULL,NULL,NULL,NULL,1),(7111,59,13,90,'S','S','S','S','N','N','ATIVO',13,'2021-05-27','09:12:39','187.75.9.144',1,NULL,NULL,NULL,NULL,NULL,NULL,NULL,NULL,NULL,NULL,1),(7112,59,13,91,'N','S','S','S','N','N','ATIVO',13,'2021-05-27','09:12:39','187.75.9.144',1,NULL,NULL,NULL,NULL,NULL,NULL,NULL,NULL,NULL,NULL,1),(7113,59,13,129,'S','S','S','S','N','N','ATIVO',13,'2021-05-27','09:12:39','187.75.9.144',1,NULL,NULL,NULL,NULL,NULL,NULL,NULL,NULL,NULL,NULL,1),(7114,59,13,122,'S','S','S','S','N','N','ATIVO',13,'2021-05-27','09:12:39','187.75.9.144',1,NULL,NULL,NULL,NULL,NULL,NULL,NULL,NULL,NULL,NULL,1),(7115,59,13,128,'N','N','N','N','N','N','ATIVO',13,'2021-05-27','09:12:39','187.75.9.144',1,NULL,NULL,NULL,NULL,NULL,NULL,NULL,NULL,NULL,NULL,1),(7116,59,13,132,'S','S','S','S','N','N','ATIVO',13,'2021-05-27','09:12:39','187.75.9.144',1,NULL,NULL,NULL,NULL,NULL,NULL,NULL,NULL,NULL,NULL,1),(7117,59,13,109,'N','N','N','N','N','N','ATIVO',13,'2021-05-27','09:12:39','187.75.9.144',1,NULL,NULL,NULL,NULL,NULL,NULL,NULL,NULL,NULL,NULL,1),(7118,59,13,143,'N','N','N','S','N','N','ATIVO',13,'2021-05-27','09:12:39','187.75.9.144',1,NULL,NULL,NULL,NULL,NULL,NULL,NULL,NULL,NULL,NULL,1),(7119,59,13,121,'N','N','N','S','N','N','ATIVO',13,'2021-05-27','09:12:39','187.75.9.144',1,NULL,NULL,NULL,NULL,NULL,NULL,NULL,NULL,NULL,NULL,1),(7120,59,13,92,'N','S','S','S','N','N','ATIVO',13,'2021-05-27','09:12:39','187.75.9.144',1,NULL,NULL,NULL,NULL,NULL,NULL,NULL,NULL,NULL,NULL,1),(7121,59,13,120,'S','S','S','S','N','N','ATIVO',13,'2021-05-27','09:12:39','187.75.9.144',1,NULL,NULL,NULL,NULL,NULL,NULL,NULL,NULL,NULL,NULL,1),(7122,82,13,90,'S','S','S','S','N','N','ATIVO',13,'2021-05-27','13:06:44','187.75.9.144',1,NULL,NULL,NULL,NULL,NULL,NULL,NULL,NULL,NULL,NULL,1),(7123,82,13,91,'N','S','S','S','N','N','ATIVO',13,'2021-05-27','13:06:44','187.75.9.144',1,NULL,NULL,NULL,NULL,NULL,NULL,NULL,NULL,NULL,NULL,1),(7124,82,13,129,'S','S','S','S','N','N','ATIVO',13,'2021-05-27','13:06:44','187.75.9.144',1,NULL,NULL,NULL,NULL,NULL,NULL,NULL,NULL,NULL,NULL,1),(7125,82,13,122,'S','S','S','S','N','N','ATIVO',13,'2021-05-27','13:06:44','187.75.9.144',1,NULL,NULL,NULL,NULL,NULL,NULL,NULL,NULL,NULL,NULL,1),(7126,82,13,128,'N','N','N','N','N','N','ATIVO',13,'2021-05-27','13:06:44','187.75.9.144',1,NULL,NULL,NULL,NULL,NULL,NULL,NULL,NULL,NULL,NULL,1),(7127,82,13,132,'S','S','S','S','N','N','ATIVO',13,'2021-05-27','13:06:44','187.75.9.144',1,NULL,NULL,NULL,NULL,NULL,NULL,NULL,NULL,NULL,NULL,1),(7128,82,13,109,'N','N','N','N','N','N','ATIVO',13,'2021-05-27','13:06:44','187.75.9.144',1,NULL,NULL,NULL,NULL,NULL,NULL,NULL,NULL,NULL,NULL,1),(7129,82,13,143,'N','N','N','S','N','N','ATIVO',13,'2021-05-27','13:06:44','187.75.9.144',1,NULL,NULL,NULL,NULL,NULL,NULL,NULL,NULL,NULL,NULL,1),(7130,82,13,121,'N','N','N','S','N','N','ATIVO',13,'2021-05-27','13:06:44','187.75.9.144',1,NULL,NULL,NULL,NULL,NULL,NULL,NULL,NULL,NULL,NULL,1),(7131,82,13,92,'N','S','S','S','N','N','ATIVO',13,'2021-05-27','13:06:44','187.75.9.144',1,NULL,NULL,NULL,NULL,NULL,NULL,NULL,NULL,NULL,NULL,1),(7132,82,13,120,'S','S','S','S','N','N','ATIVO',13,'2021-05-27','13:06:44','187.75.9.144',1,NULL,NULL,NULL,NULL,NULL,NULL,NULL,NULL,NULL,NULL,1),(7133,83,13,90,'S','S','S','S','N','N','ATIVO',13,'2021-05-27','13:08:12','187.75.9.144',1,NULL,NULL,NULL,NULL,NULL,NULL,NULL,NULL,NULL,NULL,1),(7134,83,13,91,'N','S','S','S','N','N','ATIVO',13,'2021-05-27','13:08:12','187.75.9.144',1,NULL,NULL,NULL,NULL,NULL,NULL,NULL,NULL,NULL,NULL,1),(7135,83,13,129,'S','S','S','S','N','N','ATIVO',13,'2021-05-27','13:08:12','187.75.9.144',1,NULL,NULL,NULL,NULL,NULL,NULL,NULL,NULL,NULL,NULL,1),(7136,83,13,122,'S','S','S','S','N','N','ATIVO',13,'2021-05-27','13:08:12','187.75.9.144',1,NULL,NULL,NULL,NULL,NULL,NULL,NULL,NULL,NULL,NULL,1),(7137,83,13,128,'N','N','N','N','N','N','ATIVO',13,'2021-05-27','13:08:12','187.75.9.144',1,NULL,NULL,NULL,NULL,NULL,NULL,NULL,NULL,NULL,NULL,1),(7138,83,13,132,'S','S','S','S','N','N','ATIVO',13,'2021-05-27','13:08:12','187.75.9.144',1,NULL,NULL,NULL,NULL,NULL,NULL,NULL,NULL,NULL,NULL,1),(7139,83,13,109,'N','N','N','N','N','N','ATIVO',13,'2021-05-27','13:08:12','187.75.9.144',1,NULL,NULL,NULL,NULL,NULL,NULL,NULL,NULL,NULL,NULL,1),(7140,83,13,143,'N','N','N','S','N','N','ATIVO',13,'2021-05-27','13:08:12','187.75.9.144',1,NULL,NULL,NULL,NULL,NULL,NULL,NULL,NULL,NULL,NULL,1),(7141,83,13,121,'N','N','N','S','N','N','ATIVO',13,'2021-05-27','13:08:12','187.75.9.144',1,NULL,NULL,NULL,NULL,NULL,NULL,NULL,NULL,NULL,NULL,1),(7142,83,13,92,'N','S','S','S','N','N','ATIVO',13,'2021-05-27','13:08:12','187.75.9.144',1,NULL,NULL,NULL,NULL,NULL,NULL,NULL,NULL,NULL,NULL,1),(7143,83,13,120,'S','S','S','S','N','N','ATIVO',13,'2021-05-27','13:08:12','187.75.9.144',1,NULL,NULL,NULL,NULL,NULL,NULL,NULL,NULL,NULL,NULL,1),(7144,84,13,90,'S','S','S','S','N','N','ATIVO',13,'2021-05-28','13:27:23','187.75.9.144',1,NULL,NULL,NULL,NULL,NULL,NULL,NULL,NULL,NULL,NULL,1),(7145,84,13,91,'N','S','S','S','N','N','ATIVO',13,'2021-05-28','13:27:23','187.75.9.144',1,NULL,NULL,NULL,NULL,NULL,NULL,NULL,NULL,NULL,NULL,1),(7146,84,13,129,'S','S','S','S','N','N','ATIVO',13,'2021-05-28','13:27:23','187.75.9.144',1,NULL,NULL,NULL,NULL,NULL,NULL,NULL,NULL,NULL,NULL,1),(7147,84,13,122,'S','S','S','S','N','N','ATIVO',13,'2021-05-28','13:27:23','187.75.9.144',1,NULL,NULL,NULL,NULL,NULL,NULL,NULL,NULL,NULL,NULL,1),(7148,84,13,128,'N','N','N','N','N','N','ATIVO',13,'2021-05-28','13:27:23','187.75.9.144',1,NULL,NULL,NULL,NULL,NULL,NULL,NULL,NULL,NULL,NULL,1),(7149,84,13,132,'S','S','S','S','N','N','ATIVO',13,'2021-05-28','13:27:23','187.75.9.144',1,NULL,NULL,NULL,NULL,NULL,NULL,NULL,NULL,NULL,NULL,1),(7150,84,13,109,'N','N','N','N','N','N','ATIVO',13,'2021-05-28','13:27:23','187.75.9.144',1,NULL,NULL,NULL,NULL,NULL,NULL,NULL,NULL,NULL,NULL,1),(7151,84,13,143,'N','N','N','S','N','N','ATIVO',13,'2021-05-28','13:27:23','187.75.9.144',1,NULL,NULL,NULL,NULL,NULL,NULL,NULL,NULL,NULL,NULL,1),(7152,84,13,121,'N','N','N','S','N','N','ATIVO',13,'2021-05-28','13:27:23','187.75.9.144',1,NULL,NULL,NULL,NULL,NULL,NULL,NULL,NULL,NULL,NULL,1),(7153,84,13,92,'N','S','S','S','N','N','ATIVO',13,'2021-05-28','13:27:23','187.75.9.144',1,NULL,NULL,NULL,NULL,NULL,NULL,NULL,NULL,NULL,NULL,1),(7154,84,13,120,'S','S','S','S','N','N','ATIVO',13,'2021-05-28','13:27:23','187.75.9.144',1,NULL,NULL,NULL,NULL,NULL,NULL,NULL,NULL,NULL,NULL,1),(7156,11,13,90,'S','S','S','S','N','N','ATIVO',1,'2021-06-01','10:06:54','189.112.142.114',1,NULL,NULL,NULL,NULL,NULL,NULL,NULL,NULL,NULL,NULL,1),(7157,11,13,91,'N','S','S','S','N','N','ATIVO',1,'2021-06-01','10:06:54','189.112.142.114',1,NULL,NULL,NULL,NULL,NULL,NULL,NULL,NULL,NULL,NULL,1),(7158,11,13,129,'S','S','S','S','N','N','ATIVO',1,'2021-06-01','10:06:54','189.112.142.114',1,NULL,NULL,NULL,NULL,NULL,NULL,NULL,NULL,NULL,NULL,1),(7159,11,13,122,'S','S','S','S','N','N','ATIVO',1,'2021-06-01','10:06:54','189.112.142.114',1,NULL,NULL,NULL,NULL,NULL,NULL,NULL,NULL,NULL,NULL,1),(7160,11,13,128,'N','N','N','N','N','N','ATIVO',1,'2021-06-01','10:06:54','189.112.142.114',1,NULL,NULL,NULL,NULL,NULL,NULL,NULL,NULL,NULL,NULL,1),(7161,11,13,132,'S','S','S','S','N','N','ATIVO',1,'2021-06-01','10:06:54','189.112.142.114',1,NULL,NULL,NULL,NULL,NULL,NULL,NULL,NULL,NULL,NULL,1),(7162,11,13,109,'N','N','N','N','N','N','ATIVO',1,'2021-06-01','10:06:54','189.112.142.114',1,NULL,NULL,NULL,NULL,NULL,NULL,NULL,NULL,NULL,NULL,1),(7163,11,13,143,'N','N','N','S','N','N','ATIVO',1,'2021-06-01','10:06:54','189.112.142.114',1,NULL,NULL,NULL,NULL,NULL,NULL,NULL,NULL,NULL,NULL,1),(7164,11,13,121,'N','N','N','S','N','N','ATIVO',1,'2021-06-01','10:06:54','189.112.142.114',1,NULL,NULL,NULL,NULL,NULL,NULL,NULL,NULL,NULL,NULL,1),(7165,11,13,92,'N','S','S','S','N','N','ATIVO',1,'2021-06-01','10:06:54','189.112.142.114',1,NULL,NULL,NULL,NULL,NULL,NULL,NULL,NULL,NULL,NULL,1),(7166,11,13,120,'S','S','S','S','N','N','ATIVO',1,'2021-06-01','10:06:54','189.112.142.114',1,NULL,NULL,NULL,NULL,NULL,NULL,NULL,NULL,NULL,NULL,1),(7167,85,13,90,'S','S','S','S','N','N','ATIVO',13,'2021-06-11','09:43:22','177.76.225.166',1,NULL,NULL,NULL,NULL,NULL,NULL,NULL,NULL,NULL,NULL,1),(7168,85,13,91,'N','S','S','S','N','N','ATIVO',13,'2021-06-11','09:43:22','177.76.225.166',1,NULL,NULL,NULL,NULL,NULL,NULL,NULL,NULL,NULL,NULL,1),(7169,85,13,129,'S','S','S','S','N','N','ATIVO',13,'2021-06-11','09:43:22','177.76.225.166',1,NULL,NULL,NULL,NULL,NULL,NULL,NULL,NULL,NULL,NULL,1),(7170,85,13,122,'S','S','S','S','N','N','ATIVO',13,'2021-06-11','09:43:22','177.76.225.166',1,NULL,NULL,NULL,NULL,NULL,NULL,NULL,NULL,NULL,NULL,1),(7171,85,13,128,'N','N','N','N','N','N','ATIVO',13,'2021-06-11','09:43:22','177.76.225.166',1,NULL,NULL,NULL,NULL,NULL,NULL,NULL,NULL,NULL,NULL,1),(7172,85,13,132,'S','S','S','S','N','N','ATIVO',13,'2021-06-11','09:43:22','177.76.225.166',1,NULL,NULL,NULL,NULL,NULL,NULL,NULL,NULL,NULL,NULL,1),(7173,85,13,109,'N','N','N','N','N','N','ATIVO',13,'2021-06-11','09:43:22','177.76.225.166',1,NULL,NULL,NULL,NULL,NULL,NULL,NULL,NULL,NULL,NULL,1),(7174,85,13,143,'N','N','N','S','N','N','ATIVO',13,'2021-06-11','09:43:22','177.76.225.166',1,NULL,NULL,NULL,NULL,NULL,NULL,NULL,NULL,NULL,NULL,1),(7175,85,13,121,'N','N','N','S','N','N','ATIVO',13,'2021-06-11','09:43:22','177.76.225.166',1,NULL,NULL,NULL,NULL,NULL,NULL,NULL,NULL,NULL,NULL,1),(7176,85,13,92,'N','S','S','S','N','N','ATIVO',13,'2021-06-11','09:43:22','177.76.225.166',1,NULL,NULL,NULL,NULL,NULL,NULL,NULL,NULL,NULL,NULL,1),(7177,85,13,120,'S','S','S','S','N','N','ATIVO',13,'2021-06-11','09:43:22','177.76.225.166',1,NULL,NULL,NULL,NULL,NULL,NULL,NULL,NULL,NULL,NULL,1),(7178,86,13,90,'S','S','S','S','N','N','ATIVO',84,'2021-06-22','10:44:06','191.23.44.161',7,NULL,NULL,NULL,NULL,NULL,NULL,NULL,NULL,NULL,NULL,1),(7179,86,13,91,'N','S','S','S','N','N','ATIVO',84,'2021-06-22','10:44:06','191.23.44.161',7,NULL,NULL,NULL,NULL,NULL,NULL,NULL,NULL,NULL,NULL,1),(7180,86,13,129,'S','S','S','S','N','N','ATIVO',84,'2021-06-22','10:44:06','191.23.44.161',7,NULL,NULL,NULL,NULL,NULL,NULL,NULL,NULL,NULL,NULL,1),(7181,86,13,122,'S','S','S','S','N','N','ATIVO',84,'2021-06-22','10:44:06','191.23.44.161',7,NULL,NULL,NULL,NULL,NULL,NULL,NULL,NULL,NULL,NULL,1),(7182,86,13,128,'N','N','N','N','N','N','ATIVO',84,'2021-06-22','10:44:06','191.23.44.161',7,NULL,NULL,NULL,NULL,NULL,NULL,NULL,NULL,NULL,NULL,1),(7183,86,13,132,'S','S','S','S','N','N','ATIVO',84,'2021-06-22','10:44:06','191.23.44.161',7,NULL,NULL,NULL,NULL,NULL,NULL,NULL,NULL,NULL,NULL,1),(7184,86,13,109,'N','N','N','N','N','N','ATIVO',84,'2021-06-22','10:44:06','191.23.44.161',7,NULL,NULL,NULL,NULL,NULL,NULL,NULL,NULL,NULL,NULL,1),(7185,86,13,143,'N','N','N','S','N','N','ATIVO',84,'2021-06-22','10:44:06','191.23.44.161',7,NULL,NULL,NULL,NULL,NULL,NULL,NULL,NULL,NULL,NULL,1),(7186,86,13,121,'N','N','N','S','N','N','ATIVO',84,'2021-06-22','10:44:06','191.23.44.161',7,NULL,NULL,NULL,NULL,NULL,NULL,NULL,NULL,NULL,NULL,1),(7187,86,13,92,'N','S','S','S','N','N','ATIVO',84,'2021-06-22','10:44:06','191.23.44.161',7,NULL,NULL,NULL,NULL,NULL,NULL,NULL,NULL,NULL,NULL,1),(7188,86,13,120,'S','S','S','S','N','N','ATIVO',84,'2021-06-22','10:44:06','191.23.44.161',7,NULL,NULL,NULL,NULL,NULL,NULL,NULL,NULL,NULL,NULL,1),(7189,87,13,90,'S','S','S','S','N','N','ATIVO',86,'2021-06-25','15:17:50','191.23.44.161',7,NULL,NULL,NULL,NULL,NULL,NULL,NULL,NULL,NULL,NULL,1),(7190,87,13,91,'N','S','S','S','N','N','ATIVO',86,'2021-06-25','15:17:50','191.23.44.161',7,NULL,NULL,NULL,NULL,NULL,NULL,NULL,NULL,NULL,NULL,1),(7191,87,13,129,'S','S','S','S','N','N','ATIVO',86,'2021-06-25','15:17:50','191.23.44.161',7,NULL,NULL,NULL,NULL,NULL,NULL,NULL,NULL,NULL,NULL,1),(7192,87,13,122,'S','S','S','S','N','N','ATIVO',86,'2021-06-25','15:17:50','191.23.44.161',7,NULL,NULL,NULL,NULL,NULL,NULL,NULL,NULL,NULL,NULL,1),(7193,87,13,128,'N','N','N','N','N','N','ATIVO',86,'2021-06-25','15:17:50','191.23.44.161',7,NULL,NULL,NULL,NULL,NULL,NULL,NULL,NULL,NULL,NULL,1),(7194,87,13,132,'S','S','S','S','N','N','ATIVO',86,'2021-06-25','15:17:50','191.23.44.161',7,NULL,NULL,NULL,NULL,NULL,NULL,NULL,NULL,NULL,NULL,1),(7195,87,13,109,'N','N','N','N','N','N','ATIVO',86,'2021-06-25','15:17:50','191.23.44.161',7,NULL,NULL,NULL,NULL,NULL,NULL,NULL,NULL,NULL,NULL,1),(7196,87,13,143,'N','N','N','S','N','N','ATIVO',86,'2021-06-25','15:17:50','191.23.44.161',7,NULL,NULL,NULL,NULL,NULL,NULL,NULL,NULL,NULL,NULL,1),(7197,87,13,121,'N','N','N','S','N','N','ATIVO',86,'2021-06-25','15:17:50','191.23.44.161',7,NULL,NULL,NULL,NULL,NULL,NULL,NULL,NULL,NULL,NULL,1),(7198,87,13,92,'N','S','S','S','N','N','ATIVO',86,'2021-06-25','15:17:50','191.23.44.161',7,NULL,NULL,NULL,NULL,NULL,NULL,NULL,NULL,NULL,NULL,1),(7199,87,13,120,'S','S','S','S','N','N','ATIVO',86,'2021-06-25','15:17:50','191.23.44.161',7,NULL,NULL,NULL,NULL,NULL,NULL,NULL,NULL,NULL,NULL,1),(7200,88,13,90,'S','S','S','S','N','N','ATIVO',86,'2021-06-25','15:20:14','191.23.44.161',7,NULL,NULL,NULL,NULL,NULL,NULL,NULL,NULL,NULL,NULL,1),(7201,88,13,91,'N','S','S','S','N','N','ATIVO',86,'2021-06-25','15:20:14','191.23.44.161',7,NULL,NULL,NULL,NULL,NULL,NULL,NULL,NULL,NULL,NULL,1),(7202,88,13,129,'S','S','S','S','N','N','ATIVO',86,'2021-06-25','15:20:14','191.23.44.161',7,NULL,NULL,NULL,NULL,NULL,NULL,NULL,NULL,NULL,NULL,1),(7203,88,13,122,'S','S','S','S','N','N','ATIVO',86,'2021-06-25','15:20:14','191.23.44.161',7,NULL,NULL,NULL,NULL,NULL,NULL,NULL,NULL,NULL,NULL,1),(7204,88,13,128,'N','N','N','N','N','N','ATIVO',86,'2021-06-25','15:20:14','191.23.44.161',7,NULL,NULL,NULL,NULL,NULL,NULL,NULL,NULL,NULL,NULL,1),(7205,88,13,132,'S','S','S','S','N','N','ATIVO',86,'2021-06-25','15:20:14','191.23.44.161',7,NULL,NULL,NULL,NULL,NULL,NULL,NULL,NULL,NULL,NULL,1),(7206,88,13,109,'N','N','N','N','N','N','ATIVO',86,'2021-06-25','15:20:14','191.23.44.161',7,NULL,NULL,NULL,NULL,NULL,NULL,NULL,NULL,NULL,NULL,1),(7207,88,13,143,'N','N','N','S','N','N','ATIVO',86,'2021-06-25','15:20:14','191.23.44.161',7,NULL,NULL,NULL,NULL,NULL,NULL,NULL,NULL,NULL,NULL,1),(7208,88,13,121,'N','N','N','S','N','N','ATIVO',86,'2021-06-25','15:20:14','191.23.44.161',7,NULL,NULL,NULL,NULL,NULL,NULL,NULL,NULL,NULL,NULL,1),(7209,88,13,92,'N','S','S','S','N','N','ATIVO',86,'2021-06-25','15:20:14','191.23.44.161',7,NULL,NULL,NULL,NULL,NULL,NULL,NULL,NULL,NULL,NULL,1),(7210,88,13,120,'S','S','S','S','N','N','ATIVO',86,'2021-06-25','15:20:14','191.23.44.161',7,NULL,NULL,NULL,NULL,NULL,NULL,NULL,NULL,NULL,NULL,1),(7211,89,13,90,'S','S','S','S','N','N','ATIVO',86,'2021-07-01','18:12:04','179.107.144.4',7,NULL,NULL,NULL,NULL,NULL,NULL,NULL,NULL,NULL,NULL,1),(7212,89,13,91,'N','S','S','S','N','N','ATIVO',86,'2021-07-01','18:12:04','179.107.144.4',7,NULL,NULL,NULL,NULL,NULL,NULL,NULL,NULL,NULL,NULL,1),(7213,89,13,129,'S','S','S','S','N','N','ATIVO',86,'2021-07-01','18:12:04','179.107.144.4',7,NULL,NULL,NULL,NULL,NULL,NULL,NULL,NULL,NULL,NULL,1),(7214,89,13,122,'S','S','S','S','N','N','ATIVO',86,'2021-07-01','18:12:04','179.107.144.4',7,NULL,NULL,NULL,NULL,NULL,NULL,NULL,NULL,NULL,NULL,1),(7215,89,13,128,'N','N','N','N','N','N','ATIVO',86,'2021-07-01','18:12:04','179.107.144.4',7,NULL,NULL,NULL,NULL,NULL,NULL,NULL,NULL,NULL,NULL,1),(7216,89,13,132,'S','S','S','S','N','N','ATIVO',86,'2021-07-01','18:12:04','179.107.144.4',7,NULL,NULL,NULL,NULL,NULL,NULL,NULL,NULL,NULL,NULL,1),(7217,89,13,109,'N','N','N','N','N','N','ATIVO',86,'2021-07-01','18:12:04','179.107.144.4',7,NULL,NULL,NULL,NULL,NULL,NULL,NULL,NULL,NULL,NULL,1),(7218,89,13,143,'N','N','N','S','N','N','ATIVO',86,'2021-07-01','18:12:04','179.107.144.4',7,NULL,NULL,NULL,NULL,NULL,NULL,NULL,NULL,NULL,NULL,1),(7219,89,13,121,'N','N','N','S','N','N','ATIVO',86,'2021-07-01','18:12:04','179.107.144.4',7,NULL,NULL,NULL,NULL,NULL,NULL,NULL,NULL,NULL,NULL,1),(7220,89,13,92,'N','S','S','S','N','N','ATIVO',86,'2021-07-01','18:12:04','179.107.144.4',7,NULL,NULL,NULL,NULL,NULL,NULL,NULL,NULL,NULL,NULL,1),(7221,89,13,120,'S','S','S','S','N','N','ATIVO',86,'2021-07-01','18:12:04','179.107.144.4',7,NULL,NULL,NULL,NULL,NULL,NULL,NULL,NULL,NULL,NULL,1);

/*!40101 SET SQL_MODE=@OLD_SQL_MODE */;
/*!40014 SET FOREIGN_KEY_CHECKS=@OLD_FOREIGN_KEY_CHECKS */;
/*!40014 SET UNIQUE_CHECKS=@OLD_UNIQUE_CHECKS */;
/*!40111 SET SQL_NOTES=@OLD_SQL_NOTES */;
